Party,Wingness,LGBT,BLM,Feminism,Paternal Age,Leftism,Age
Independent,Left-wing,1,1,1,43,1,22.0
Democratic,Left-wing,0,1,1,39,0,26.0
Independent,Left-wing,1,1,1,26,1,40.0
Independent,Centrist,0,0,0,27,0,71.0
Democratic,Left-wing,1,1,1,27,1,21.0
Independent,Centrist,0,0,0,22,0,30.0
Republican,Centrist,0,0,0,26,0,59.0
Democratic,Left-wing,1,1,1,25,1,37.0
Democratic,Left-wing,1,1,1,37,1,34.0
Democratic,Left-wing,1,1,1,32,1,44.0
Democratic,Left-wing,1,1,1,24,1,42.0
Democratic,Left-wing,1,1,1,31,1,35.0
Democratic,Left-wing,1,1,1,29,1,41.0
Independent,Centrist,1,1,1,28,1,24.0
Republican,Centrist,0,0,0,44,0,37.0
Democratic,Left-wing,1,1,1,38,1,31.0
Republican,Centrist,1,0,1,32,0,20.0
Democratic,Centrist,0,1,0,42,0,34.0
Democratic,Left-wing,1,1,1,25,1,45.0
Democratic,Left-wing,1,1,1,40,1,38.0
Independent,Centrist,1,1,1,36,1,24.0
Independent,Centrist,1,1,1,40,1,27.0
Republican,Right-wing,0,0,0,23,0,45.0
Democratic,Left-wing,1,1,1,30,1,45.0
Independent,Centrist,0,1,1,36,0,32.0
Independent,Right-wing,0,0,0,19,0,49.0
Independent,Left-wing,1,1,1,35,1,56.0
Republican,Right-wing,0,0,0,34,0,65.0
Democratic,Left-wing,1,1,1,28,1,28.0
Democratic,Left-wing,1,1,1,25,1,21.0
Republican,Centrist,1,1,1,27,1,40.0
Democratic,Left-wing,1,1,1,30,1,32.0
Republican,Left-wing,1,0,1,22,0,31.0
Democratic,Left-wing,1,0,0,35,0,26.0
Democratic,Left-wing,1,1,1,33,1,33.0
Republican,Right-wing,0,0,1,30,0,31.0
Independent,Right-wing,1,0,1,33,0,49.0
Democratic,Left-wing,1,1,1,31,1,31.0
Independent,Left-wing,1,1,1,31,1,24.0
Independent,Centrist,1,0,1,35,0,25.0
Independent,Centrist,1,1,1,25,1,32.0
Democratic,Left-wing,1,1,1,36,1,30.0
Republican,Centrist,1,1,1,27,1,57.0
Democratic,Left-wing,1,1,1,38,1,32.0
Independent,Centrist,0,0,1,29,0,62.0
Democratic,Left-wing,1,1,1,24,1,23.0
Independent,Left-wing,1,1,1,28,1,36.0
Democratic,Centrist,1,1,1,30,1,29.0
Independent,Centrist,1,1,1,37,1,35.0
Republican,Right-wing,0,0,0,38,0,27.0
Democratic,Left-wing,1,1,1,27,1,53.0
Democratic,Left-wing,1,1,1,29,1,28.0
Republican,Right-wing,0,0,1,23,0,40.0
Republican,Right-wing,0,0,0,35,0,28.0
Democratic,Centrist,1,1,1,26,1,24.0
Independent,Centrist,1,1,1,36,1,33.0
Independent,Right-wing,0,0,0,26,0,30.0
Democratic,Left-wing,1,1,1,23,1,35.0
Democratic,Left-wing,1,1,1,39,1,46.0
Independent,Left-wing,1,1,1,31,1,44.0
Independent,Left-wing,1,0,1,28,0,30.0
Democratic,Left-wing,1,0,1,50,0,30.0
Republican,Right-wing,0,0,0,24,0,29.0
Democratic,Left-wing,1,1,1,31,1,21.0
Democratic,Left-wing,1,1,1,31,1,52.0
Republican,Centrist,0,0,0,25,0,38.0
Democratic,Left-wing,1,1,1,32,1,73.0
Democratic,Left-wing,1,1,1,34,1,24.0
Republican,Centrist,1,1,1,37,1,49.0
Independent,Centrist,1,1,1,42,1,25.0
Democratic,Left-wing,1,1,1,46,1,57.0
Democratic,Right-wing,1,1,1,42,1,31.0
Democratic,Left-wing,1,1,1,24,1,26.0
Democratic,Left-wing,1,1,1,31,1,29.0
Independent,Centrist,1,0,1,23,0,35.0
Republican,Right-wing,0,0,0,21,0,53.0
Independent,Left-wing,1,1,1,38,1,31.0
Independent,Left-wing,1,1,1,23,1,37.0
Prohibition USA ,Right-wing,0,0,0,21,0,57.0
Democratic,Centrist,1,1,1,29,1,40.0
Democratic,Left-wing,1,1,1,30,1,37.0
Independent,Left-wing,1,1,1,30,1,33.0
Democratic,Left-wing,1,1,1,30,1,37.0
Democratic,Left-wing,1,1,1,31,1,44.0
Democratic,Left-wing,1,1,1,36,1,33.0
Independent,Centrist,1,1,1,21,1,47.0
Independent,Centrist,0,0,0,27,0,61.0
Democratic,Left-wing,1,1,1,35,1,41.0
Democratic,Centrist,1,1,0,41,0,39.0
Independent,Centrist,1,0,1,25,0,37.0
Democratic,Left-wing,1,1,1,27,1,30.0
Democratic,Left-wing,1,1,1,36,1,26.0
Republican,Right-wing,0,0,1,41,0,56.0
Republican,Right-wing,0,0,0,38,0,26.0
Democratic,Left-wing,1,1,1,34,1,23.0
Independent,Centrist,0,0,1,24,0,69.0
I do not identify with any specific party,Centrist,1,0,0,31,0,43.0
Independent,Centrist,1,1,1,30,1,42.0
Democratic,Left-wing,1,1,1,36,1,48.0
Democratic,Left-wing,1,1,1,66,1,36.0
Democratic,Left-wing,1,1,1,25,1,41.0
Democratic,Left-wing,1,1,1,22,1,33.0
Democratic,Left-wing,1,1,1,29,1,43.0
Democratic,Centrist,1,0,0,19,0,23.0
Independent,Centrist,1,0,0,22,0,27.0
Independent,Left-wing,1,0,1,34,0,39.0
Democratic,Centrist,1,0,1,24,0,24.0
Democratic,Left-wing,1,1,1,38,1,69.0
Democratic,Left-wing,1,1,1,32,1,73.0
Independent,Centrist,1,1,1,32,1,53.0
Independent,Centrist,1,1,1,23,1,66.0
Independent,Centrist,0,0,1,24,0,53.0
Democratic,Left-wing,1,1,1,30,1,22.0
Independent,Centrist,0,0,0,30,0,28.0
Independent,Centrist,1,0,1,41,0,23.0
Independent,Left-wing,1,1,1,27,1,49.0
Republican,Centrist,1,1,1,28,1,48.0
Independent,Right-wing,0,0,0,32,0,25.0
Republican,Right-wing,0,0,0,37,0,34.0
Libertarian,Right-wing,1,0,0,28,0,42.0
Independent,Centrist,1,0,1,35,0,28.0
Republican,Right-wing,0,0,0,46,0,36.0
Independent,Centrist,1,1,1,21,1,50.0
Independent,Left-wing,1,1,1,28,1,33.0
Independent,Centrist,1,1,1,43,1,54.0
Independent,Left-wing,1,1,1,24,1,26.0
Republican,Right-wing,0,0,1,52,0,23.0
Independent,Right-wing,1,1,1,27,1,28.0
Independent,Centrist,1,0,0,42,0,38.0
Democratic,Left-wing,1,1,1,26,1,65.0
Republican,Right-wing,1,1,0,30,0,54.0
Democratic,Left-wing,1,1,1,33,1,35.0
Independent,Left-wing,1,1,1,38,1,23.0
Democratic,Left-wing,1,1,1,21,1,39.0
Independent,Centrist,1,1,1,38,1,37.0
Democratic,Left-wing,1,1,1,28,1,54.0
Democratic,Left-wing,1,1,1,19,1,45.0
Democratic,Left-wing,1,0,1,43,0,68.0
Independent,Left-wing,1,1,1,22,1,25.0
Independent,Left-wing,1,1,1,39,1,46.0
Independent,Left-wing,1,1,1,20,1,28.0
Democratic,Left-wing,1,1,1,32,1,36.0
Republican,Right-wing,1,0,0,29,0,24.0
Democratic,Left-wing,1,1,1,33,1,23.0
Independent,Centrist,1,0,1,33,0,36.0
Democratic,Left-wing,1,1,1,29,1,59.0
Republican,Right-wing,1,0,1,27,0,52.0
Democratic,Left-wing,1,1,1,33,1,33.0
Independent,Centrist,0,0,0,26,0,35.0
Democratic,Left-wing,1,1,1,28,1,36.0
Democratic,Left-wing,1,1,1,38,1,25.0
Democratic,Left-wing,1,1,1,42,1,20.0
Republican,Right-wing,0,0,0,26,0,22.0
Democratic,Left-wing,1,1,1,31,1,31.0
Democratic,Left-wing,1,1,1,25,1,52.0
Democratic,Left-wing,1,1,1,33,1,70.0
Democratic,Centrist,1,1,1,35,1,29.0
Democratic,Left-wing,1,1,1,23,1,38.0
Democratic,Left-wing,1,0,1,19,0,28.0
Democratic,Centrist,1,1,1,30,1,32.0
Independent,Left-wing,1,1,1,25,1,40.0
Independent,Centrist,0,0,0,26,0,37.0
Republican,Right-wing,0,0,1,33,0,23.0
Independent,Left-wing,1,1,1,37,1,32.0
Independent,Right-wing,0,0,0,26,0,59.0
Democratic,Left-wing,1,1,1,35,1,23.0
Democratic,Left-wing,1,1,1,33,1,25.0
Republican,Right-wing,0,0,0,25,0,50.0
Democratic,Left-wing,1,1,1,54,1,27.0
Independent,Left-wing,1,1,1,35,1,59.0
Republican,Centrist,0,0,0,23,0,64.0
Independent,Left-wing,1,1,1,32,1,26.0
Independent,Centrist,0,0,0,22,0,65.0
non affiliated,Right-wing,0,0,0,25,0,50.0
Democratic,Centrist,1,1,1,40,1,64.0
Democratic,Centrist,0,0,1,34,0,37.0
Republican,Right-wing,0,0,0,50,0,51.0
Democratic,Left-wing,1,1,1,32,1,31.0
Independent,Centrist,1,1,1,37,1,35.0
Democratic,Left-wing,1,1,1,29,1,60.0
Leftist,Left-wing,1,1,1,33,1,24.0
Democratic,Left-wing,1,1,1,36,1,26.0
Independent,Right-wing,0,0,0,25,0,55.0
Republican,Centrist,1,0,0,25,0,35.0
Socialist,Left-wing,1,1,1,26,1,41.0
Independent,Centrist,1,1,1,25,1,46.0
Republican,Right-wing,0,0,0,40,0,31.0
Republican,Right-wing,0,0,1,32,0,55.0
Libertarian,Centrist,1,1,0,30,0,27.0
Democratic,Left-wing,1,1,1,23,1,41.0
Democratic,Left-wing,1,1,1,25,1,26.0
Democratic,Left-wing,1,1,1,40,1,35.0
Independent,Right-wing,0,0,1,32,0,27.0
Democratic,Left-wing,1,1,1,56,1,18.0
Republican,Right-wing,0,0,0,31,0,37.0
Republican,Right-wing,1,1,1,34,1,35.0
Independent,Left-wing,1,1,1,33,1,31.0
Democratic,Left-wing,1,1,1,37,1,37.0
Independent,Right-wing,0,0,0,22,0,65.0
Democratic,Centrist,1,1,1,35,1,31.0
Independent,Right-wing,0,0,0,28,0,42.0
Independent,Centrist,1,1,1,19,1,44.0
Republican,Right-wing,0,0,0,30,0,67.0
Socialist,Left-wing,1,1,1,38,1,32.0
Green,Left-wing,1,1,1,27,1,34.0
Democratic,Left-wing,1,1,1,24,1,31.0
Democratic,Left-wing,1,1,1,28,1,64.0
Democratic,Left-wing,1,1,1,29,1,31.0
Republican,Right-wing,1,0,1,37,0,35.0
Republican,Right-wing,0,0,0,24,0,63.0
Independent,Centrist,0,0,1,23,0,24.0
Republican,Right-wing,1,0,0,22,0,39.0
Republican,Right-wing,0,0,0,25,0,52.0
Independent,Centrist,1,1,1,27,1,70.0
Democratic,Left-wing,1,1,1,29,1,45.0
Republican,Right-wing,0,0,0,40,0,25.0
Republican,Right-wing,1,0,1,28,0,41.0
Republican,Right-wing,0,0,0,28,0,33.0
Libertarian,Right-wing,0,0,0,30,0,22.0
Democratic,Left-wing,1,1,1,35,1,37.0
Democratic,Left-wing,1,1,1,32,1,36.0
Democratic,Left-wing,1,1,1,30,1,26.0
Independent,Left-wing,1,1,1,21,1,28.0
Independent,Centrist,1,1,1,20,1,30.0
Independent,Centrist,1,0,1,29,0,31.0
Republican,Right-wing,0,0,0,27,0,64.0
Democratic,Left-wing,1,1,1,32,1,21.0
Democratic,Left-wing,1,1,1,20,1,38.0
Independent,Centrist,1,1,1,28,1,29.0
Independent,Centrist,1,1,1,32,1,30.0
American Solidarity Party,Centrist,0,1,1,33,0,31.0
Independent,Centrist,1,1,0,26,0,21.0
Democratic,Left-wing,1,1,1,26,1,38.0
Democratic,Left-wing,1,1,1,40,1,34.0
Republican,Right-wing,0,0,0,39,0,67.0
Independent,Left-wing,1,1,1,26,1,46.0
Democratic,Left-wing,1,1,1,35,1,29.0
Republican,Centrist,0,0,0,26,0,41.0
Democratic,Left-wing,1,1,1,27,1,55.0
Independent,Right-wing,0,0,0,19,0,34.0
Democratic,Left-wing,1,1,1,39,1,56.0
Democratic,Left-wing,1,1,1,40,1,28.0
Republican,Right-wing,1,0,0,26,0,39.0
Democratic,Left-wing,1,0,1,48,0,23.0
Libertarian,Centrist,1,0,1,32,0,27.0
Republican,Right-wing,0,0,0,33,0,59.0
Democratic,Left-wing,1,1,1,23,1,37.0
Democratic,Centrist,0,1,1,30,0,65.0
Republican,Centrist,1,1,1,27,1,33.0
Independent,Centrist,1,1,1,30,1,35.0
Democratic,Left-wing,1,0,1,27,0,48.0
Republican,Centrist,0,0,1,53,0,61.0
Democratic,Left-wing,1,1,1,34,1,35.0
Democratic,Left-wing,1,1,1,38,1,26.0
Independent,Left-wing,1,1,1,35,1,43.0
Independent,Left-wing,1,1,1,21,1,31.0
Democratic,Left-wing,1,1,1,27,1,43.0
Democratic,Centrist,1,1,1,40,1,42.0
Democratic,Left-wing,1,1,1,48,1,35.0
Democratic,Centrist,1,1,1,28,1,42.0
Democratic,Centrist,1,0,1,33,0,34.0
Independent,Centrist,1,1,1,22,1,64.0
Democratic,Left-wing,1,1,1,30,1,39.0
Independent,Left-wing,1,1,1,28,1,28.0
Democratic,Left-wing,1,1,1,27,1,31.0
Independent,Centrist,1,1,1,37,1,33.0
Democratic,Left-wing,1,1,1,25,1,35.0
Republican,Right-wing,0,0,1,25,0,30.0
Democratic,Left-wing,1,1,1,22,1,35.0
Independent,Centrist,1,1,1,44,1,30.0
Democratic,Left-wing,1,1,1,32,1,33.0
Democratic,Left-wing,1,1,1,30,1,30.0
Democratic,Left-wing,1,1,1,45,1,34.0
Democratic,Left-wing,1,1,1,21,1,63.0
Democratic,Left-wing,1,1,1,33,1,35.0
Republican,Centrist,1,0,0,24,0,37.0
Democratic,Left-wing,1,1,1,33,1,32.0
Republican,Centrist,0,1,1,31,0,59.0
Democratic,Left-wing,1,1,1,33,1,33.0
Republican,Right-wing,0,0,1,28,0,50.0
Independent,Centrist,0,1,0,32,0,18.0
Democratic,Left-wing,1,1,1,28,1,39.0
Independent,Left-wing,1,0,0,35,0,36.0
Republican,Right-wing,0,0,0,30,0,37.0
Independent,Centrist,1,1,1,19,1,56.0
Independent,Centrist,1,0,1,21,0,31.0
Democratic,Left-wing,1,1,1,24,1,37.0
Democratic,Left-wing,1,1,1,33,1,35.0
Republican,Right-wing,0,0,0,27,0,40.0
Independent,Centrist,0,0,0,23,0,48.0
Democratic,Left-wing,1,1,1,24,1,54.0
Independent,Left-wing,1,1,1,29,1,24.0
Independent,Centrist,0,0,0,40,0,40.0
Democratic,Left-wing,1,1,1,28,1,38.0
Independent,Centrist,1,0,1,31,0,29.0
Democratic,Left-wing,1,1,1,28,1,28.0
Democratic,Left-wing,1,1,1,28,1,52.0
Democratic,Left-wing,1,1,1,23,1,39.0
Democratic,Left-wing,1,1,1,30,1,31.0
Independent,Left-wing,1,1,0,19,0,42.0
Democratic,Left-wing,1,1,1,32,1,32.0
Socialist,Left-wing,1,1,1,35,1,50.0
Democratic,Left-wing,1,1,1,33,1,39.0
Democratic,Left-wing,1,1,1,30,1,41.0
Democratic,Left-wing,1,1,1,20,1,39.0
Independent,Left-wing,1,1,1,25,1,33.0
Democratic,Centrist,1,0,1,34,0,75.0
Independent,Left-wing,1,1,1,33,1,42.0
Republican,Right-wing,0,0,0,37,0,32.0
Democratic,Left-wing,1,1,1,27,1,37.0
Democratic,Left-wing,1,1,1,39,1,49.0
Democratic,Left-wing,0,0,1,24,0,70.0
Democratic,Left-wing,1,1,1,25,1,56.0
Democratic,Left-wing,1,1,1,20,1,33.0
Democratic,Centrist,1,1,1,34,1,32.0
Democratic,Centrist,1,0,1,28,0,32.0
Democratic,Left-wing,1,1,1,33,1,45.0
Republican,Centrist,0,0,0,25,0,39.0
Independent,Left-wing,1,1,1,22,1,45.0
Republican,Left-wing,1,1,1,28,1,35.0
Democratic,Left-wing,1,0,1,22,0,27.0
Independent,Left-wing,1,1,1,31,1,38.0
Democratic,Left-wing,1,1,1,41,1,53.0
Republican,Right-wing,0,0,0,39,0,68.0
Democratic,Left-wing,1,1,1,22,1,37.0
Democratic,Left-wing,1,1,1,38,1,22.0
Democratic,Left-wing,1,1,1,29,1,64.0
Democratic,Left-wing,1,1,1,26,1,57.0
Independent,Centrist,1,1,0,29,0,37.0
Independent,Centrist,1,0,0,32,0,30.0
Democratic,Left-wing,1,1,1,28,1,45.0
Democratic,Centrist,1,1,1,30,1,51.0
Republican,Centrist,1,0,0,24,0,54.0
Republican,Right-wing,0,0,0,25,0,30.0
Republican,Right-wing,0,0,1,27,0,52.0
Independent,Right-wing,1,0,1,30,0,63.0
Independent,Left-wing,1,0,1,25,0,30.0
Independent,Left-wing,1,0,1,42,0,28.0
Democratic,Left-wing,1,1,1,24,1,35.0
Democratic,Left-wing,1,1,1,30,1,29.0
Democratic,Centrist,1,0,0,26,0,47.0
Democratic,Left-wing,1,1,1,32,1,41.0
Democratic,Left-wing,1,1,1,35,1,59.0
Democratic,Left-wing,1,1,1,29,1,52.0
Independent,Centrist,1,1,1,45,1,30.0
Republican,Centrist,1,1,1,34,1,41.0
Republican,Right-wing,1,0,1,22,0,36.0
Democratic,Left-wing,1,1,1,27,1,57.0
Democratic,Left-wing,1,1,1,29,1,41.0
Democratic,Left-wing,1,1,1,32,1,31.0
Democratic,Left-wing,1,1,1,33,1,43.0
Democratic,Left-wing,1,1,1,32,1,34.0
Democratic,Left-wing,1,1,1,44,1,40.0
Republican,Right-wing,0,0,0,24,0,35.0
Independent,Left-wing,1,1,1,33,1,29.0
Republican,Right-wing,0,0,0,35,0,69.0
Democratic,Centrist,1,1,1,35,1,49.0
Independent,Right-wing,0,0,1,25,0,56.0
Democratic,Centrist,1,1,1,30,1,31.0
Independent,Left-wing,1,0,1,30,0,38.0
Democratic,Left-wing,1,1,1,27,1,29.0
Independent,Centrist,0,0,0,40,0,66.0
Republican,Right-wing,0,0,0,29,0,92.0
Republican,Centrist,0,0,0,33,0,52.0
Independent,Centrist,0,0,1,26,0,53.0
Democratic,Left-wing,1,1,1,30,1,66.0
Democratic,Left-wing,1,1,1,35,1,59.0
Democratic,Left-wing,1,1,1,29,1,42.0
Democratic,Left-wing,1,1,1,58,1,38.0
Independent,Left-wing,1,0,1,23,0,39.0
Independent,Centrist,1,1,0,28,0,42.0
Republican,Right-wing,0,0,1,30,0,62.0
Independent,Centrist,1,1,1,40,1,22.0
Independent,Left-wing,1,1,1,31,1,31.0
Democratic,Left-wing,1,1,1,30,1,64.0
Democratic,Left-wing,1,1,1,25,1,40.0
Democratic,Left-wing,1,1,1,26,1,37.0
Democratic,Left-wing,0,0,0,34,0,25.0
Democratic,Left-wing,1,1,1,20,1,32.0
Independent,Right-wing,0,0,0,28,0,32.0
Democratic,Left-wing,1,1,1,39,1,31.0
Democratic,Left-wing,1,1,1,35,1,35.0
Democratic,Left-wing,1,1,1,34,1,68.0
Democratic,Left-wing,1,1,1,25,1,53.0
Independent,Right-wing,0,0,0,21,0,74.0
Republican,Right-wing,0,1,0,26,0,41.0
Democratic,Centrist,1,0,1,29,0,26.0
Republican,Centrist,1,1,1,24,1,49.0
Independent,Left-wing,1,1,1,33,1,34.0
Democratic,Left-wing,1,1,1,21,1,50.0
Democratic,Centrist,1,1,1,38,1,25.0
Democratic,Left-wing,1,1,1,26,1,39.0
Democratic,Left-wing,1,1,1,32,1,35.0
Independent,Right-wing,1,1,1,40,1,47.0
Democratic,Left-wing,1,1,1,30,1,33.0
Democratic,Left-wing,1,1,1,21,1,41.0
Democratic,Left-wing,0,1,1,34,0,36.0
Independent,Left-wing,1,1,1,40,1,44.0
Republican,Right-wing,0,0,0,38,0,56.0
Democratic,Left-wing,1,1,1,25,1,41.0
Democratic,Left-wing,1,1,1,23,1,50.0
Republican,Right-wing,1,1,1,30,1,55.0
Republican,Right-wing,1,0,1,20,0,62.0
Democratic,Left-wing,1,1,1,37,1,72.0
Democratic,Centrist,1,0,1,23,0,44.0
Democratic,Left-wing,1,1,1,27,1,60.0
Independent,Centrist,1,1,1,20,1,30.0
Democratic,Left-wing,1,1,1,29,1,31.0
Independent,Centrist,1,0,0,28,0,38.0
Democratic,Left-wing,1,1,1,28,1,32.0
Democratic,Left-wing,1,1,1,28,1,32.0
Independent,Left-wing,1,1,1,33,1,37.0
Democratic,Left-wing,1,1,1,43,1,61.0
Libertarian,Centrist,1,0,1,20,0,31.0
Republican,Right-wing,0,0,0,39,0,67.0
Democratic,Centrist,1,0,1,26,0,51.0
Republican,Right-wing,0,0,0,48,0,35.0
Independent,Centrist,1,1,0,26,0,33.0
Independent,Centrist,1,0,1,23,0,41.0
Republican,Right-wing,0,0,1,29,0,53.0
Libertarian,Right-wing,0,0,0,28,0,56.0
Republican,Right-wing,1,0,1,30,0,34.0
Republican,Right-wing,1,1,0,19,0,20.0
Democratic,Left-wing,1,1,1,41,1,52.0
Democratic,Left-wing,1,1,1,32,1,62.0
Democratic,Left-wing,1,1,1,29,1,28.0
Independent,Centrist,1,1,1,24,1,60.0
Republican,Right-wing,0,0,0,33,0,28.0
Republican,Right-wing,0,0,0,24,0,66.0
Independent,Left-wing,1,1,1,61,1,30.0
Independent,Left-wing,1,1,1,27,1,70.0
Democratic,Left-wing,1,1,1,18,1,51.0
Independent,Right-wing,1,1,1,28,1,65.0
Democratic,Left-wing,1,1,1,30,1,59.0
Democratic,Left-wing,1,1,1,35,1,32.0
Democratic,Left-wing,1,1,1,40,1,35.0
Democratic,Centrist,1,1,1,27,1,34.0
Democratic,Left-wing,1,1,1,37,1,32.0
Democratic,Left-wing,1,1,1,49,1,31.0
Independent,Left-wing,1,1,1,24,1,53.0
Democratic,Left-wing,1,0,1,18,0,31.0
Republican,Right-wing,0,0,0,30,0,33.0
Republican,Right-wing,1,0,0,32,0,37.0
Democratic,Left-wing,1,1,0,28,0,38.0
Democratic,Left-wing,1,1,1,37,1,27.0
Democratic,Left-wing,1,1,1,36,1,67.0
Independent,Left-wing,1,1,1,42,1,22.0
Independent,Left-wing,1,1,1,27,1,48.0
Democratic,Left-wing,1,1,1,35,1,20.0
Independent,Centrist,1,1,1,38,1,42.0
Republican,Centrist,1,0,1,27,0,54.0
Democratic,Left-wing,1,1,1,28,1,33.0
Democratic,Left-wing,1,1,1,38,1,31.0
Independent,Left-wing,1,1,1,28,1,25.0
Independent,Centrist,0,0,1,35,0,33.0
Democratic,Left-wing,1,0,1,35,0,30.0
Democratic,Left-wing,1,0,1,23,0,43.0
Independent,Centrist,1,1,0,39,0,57.0
Democratic,Right-wing,0,1,1,45,0,29.0
Independent,Centrist,1,1,1,25,1,46.0
Democratic,Left-wing,1,1,1,25,1,20.0
Republican,Right-wing,0,0,1,31,0,36.0
Democratic,Centrist,1,1,1,30,1,41.0
Republican,Right-wing,0,0,0,32,0,52.0
Republican,Right-wing,0,0,0,39,0,56.0
Democratic,Left-wing,1,1,1,29,1,20.0
Democratic,Left-wing,1,1,1,31,1,22.0
Democratic,Left-wing,1,1,1,36,1,38.0
Democratic,Left-wing,1,0,1,32,0,27.0
Democratic,Left-wing,1,1,0,21,0,38.0
Republican,Right-wing,0,0,0,29,0,43.0
Independent,Right-wing,0,0,0,38,0,33.0
Independent,Centrist,1,1,1,22,1,49.0
Republican,Right-wing,0,0,1,26,0,37.0
Republican,Right-wing,0,0,1,35,0,62.0
Independent,Centrist,1,1,1,30,1,40.0
Democratic,Left-wing,1,1,1,27,1,42.0
Independent,Centrist,1,1,1,32,1,29.0
Independent,Centrist,1,1,1,36,1,52.0
Republican,Right-wing,0,0,0,35,0,60.0
Republican,Right-wing,0,0,0,27,0,48.0
Democratic,Left-wing,1,1,1,22,1,49.0
Independent,Centrist,1,1,1,43,1,72.0
Democratic,Left-wing,1,1,1,31,1,52.0
Libertarian,Centrist,0,0,0,25,0,44.0
Independent,Centrist,1,1,1,32,1,33.0
Democratic,Left-wing,1,1,1,32,1,29.0
Independent,Centrist,1,1,1,21,1,42.0
Democratic,Left-wing,1,1,1,26,1,28.0
Independent,Centrist,0,0,0,25,0,48.0
Republican,Right-wing,0,0,0,25,0,72.0
Democratic,Left-wing,0,0,0,41,0,51.0
Independent,Left-wing,1,1,1,22,1,37.0
Republican,Right-wing,0,0,0,34,0,31.0
Democratic,Left-wing,1,1,1,30,1,30.0
Republican,Right-wing,0,0,0,26,0,62.0
Democratic,Left-wing,1,1,1,36,1,72.0
Democratic,Left-wing,1,1,1,39,1,25.0
Democratic,Left-wing,1,1,1,36,1,71.0
Democratic,Left-wing,1,1,1,33,1,50.0
Independent,Centrist,1,0,1,25,0,49.0
Independent,Centrist,1,1,1,48,1,29.0
Republican,Right-wing,0,0,0,30,0,65.0
Democratic,Left-wing,1,1,1,25,1,42.0
Democratic,Left-wing,1,1,1,26,1,39.0
Democratic,Left-wing,1,1,1,32,1,36.0
Republican,Right-wing,0,0,1,24,0,66.0
Democratic,Left-wing,1,1,1,23,1,37.0
Republican,Right-wing,0,0,0,26,0,37.0
Democratic,Left-wing,1,1,1,34,1,36.0
Democratic,Left-wing,1,1,1,28,1,42.0
Democratic,Left-wing,1,1,1,37,1,62.0
Independent,Left-wing,1,1,1,34,1,22.0
Democratic,Left-wing,1,1,1,32,1,29.0
Republican,Right-wing,0,0,0,25,0,46.0
Democratic,Left-wing,1,1,1,37,1,39.0
Democratic,Left-wing,1,0,1,33,0,37.0
Democratic,Left-wing,1,1,1,26,1,28.0
Democratic,Left-wing,1,1,1,49,1,31.0
Democratic,Left-wing,0,0,0,32,0,32.0
Democratic,Left-wing,1,1,1,42,1,52.0
Republican,Centrist,0,0,1,23,0,42.0
Democratic,Left-wing,1,1,1,25,1,28.0
Democratic,Left-wing,1,1,1,38,1,29.0
Independent,Centrist,1,1,1,67,1,40.0
Democratic,Left-wing,0,1,1,22,0,49.0
Republican,Right-wing,0,0,0,25,0,94.0
Democratic,Left-wing,1,1,1,22,1,39.0
Libertarian,Left-wing,1,1,1,30,1,52.0
Republican,Right-wing,0,0,0,27,0,53.0
Democratic,Right-wing,1,1,1,23,1,30.0
Democratic,Left-wing,1,1,1,35,1,24.0
Democratic,Left-wing,1,1,1,38,1,32.0
Democratic,Left-wing,1,1,1,25,1,52.0
Democratic,Left-wing,1,1,1,22,1,67.0
Independent,Centrist,1,0,1,29,0,60.0
Libertarian,Left-wing,1,1,1,25,1,25.0
Independent,Left-wing,1,1,1,31,1,34.0
Democratic,Left-wing,1,1,1,35,1,37.0
Democratic,Left-wing,1,0,1,26,0,35.0
Independent,Centrist,0,0,1,45,0,51.0
Republican,Left-wing,1,1,1,28,1,20.0
Republican,Right-wing,0,0,0,24,0,54.0
Independent,Centrist,1,1,1,37,1,58.0
Democratic,Left-wing,1,1,1,25,1,31.0
Democratic,Left-wing,1,1,1,26,1,37.0
Independent,Centrist,1,1,1,25,1,56.0
Independent,Left-wing,1,0,1,31,0,70.0
Democratic,Left-wing,1,1,1,25,1,41.0
Democratic,Left-wing,1,1,1,30,1,66.0
Independent,Left-wing,1,1,1,21,1,66.0
Democratic,Left-wing,1,1,1,24,1,33.0
Independent,Centrist,1,1,1,22,1,56.0
Democratic,Left-wing,1,1,1,37,1,24.0
Independent,Centrist,1,0,1,22,0,20.0
Republican,Right-wing,0,0,0,30,0,28.0
Democratic,Left-wing,1,1,1,23,1,62.0
Independent,Centrist,1,1,1,34,1,29.0
Republican,Right-wing,0,0,0,28,0,33.0
Democratic,Left-wing,1,1,1,26,1,73.0
Independent,Centrist,1,0,1,32,0,40.0
Unaffiliated,Centrist,0,0,0,20,0,33.0
I don't like any of them,Left-wing,1,1,1,26,1,40.0
Independent,Left-wing,1,0,1,34,0,26.0
Republican,Right-wing,0,0,0,18,0,79.0
Independent,Right-wing,0,0,0,46,0,41.0
Democratic,Left-wing,1,0,1,27,0,25.0
Independent,Centrist,1,0,1,29,0,53.0
Democratic,Left-wing,1,1,1,23,1,53.0
Democratic,Left-wing,1,1,1,35,1,73.0
Democratic,Left-wing,1,1,1,32,1,46.0
Libertarian,Centrist,0,0,0,23,0,47.0
Independent,Centrist,1,1,1,19,1,21.0
Democratic,Left-wing,1,1,1,27,1,38.0
Democratic,Left-wing,1,1,1,37,1,71.0
Independent,Left-wing,1,0,1,16,0,43.0
Libertarian,Right-wing,1,0,0,28,0,23.0
Democratic,Left-wing,1,1,1,32,1,27.0
Democratic,Centrist,1,1,1,33,1,37.0
Republican,Centrist,1,1,1,29,1,56.0
Democratic,Left-wing,1,1,0,25,0,47.0
Independent,Centrist,1,0,1,18,0,27.0
Republican,Right-wing,0,0,0,22,0,60.0
Democratic,Left-wing,1,1,1,31,1,50.0
Democratic,Left-wing,1,1,1,26,1,36.0
Democratic,Left-wing,1,0,0,26,0,48.0
Democratic,Left-wing,1,1,1,29,1,24.0
Independent,Left-wing,1,1,1,37,1,43.0
Green,Left-wing,1,1,1,27,1,36.0
Independent,Centrist,1,1,1,33,1,33.0
Republican,Right-wing,0,0,0,28,0,59.0
Democratic,Left-wing,1,1,1,19,1,33.0
Democratic,Centrist,1,1,1,23,1,65.0
Democratic,Left-wing,1,1,1,27,1,71.0
Democratic,Left-wing,1,1,1,26,1,32.0
Democratic,Centrist,1,1,1,32,1,33.0
Republican,Right-wing,1,0,1,35,0,67.0
Independent,Centrist,1,1,1,41,1,20.0
Independent,Centrist,0,0,0,44,0,59.0
Independent,Right-wing,0,0,0,32,0,68.0
Democratic,Left-wing,1,1,1,35,1,60.0
Independent,Centrist,1,1,1,32,1,40.0
Independent,Centrist,0,0,0,30,0,61.0
Republican,Right-wing,0,0,0,33,0,31.0
Democratic,Left-wing,1,1,1,25,1,35.0
Democratic,Centrist,1,1,1,27,1,57.0
Independent,Centrist,1,1,1,25,1,36.0
Democratic,Left-wing,1,1,1,32,1,58.0
Populist,Right-wing,0,0,0,32,0,67.0
Democratic,Left-wing,1,1,1,30,1,57.0
Republican,Right-wing,0,0,0,24,0,46.0
Independent,Left-wing,1,1,1,27,1,44.0
Democratic,Left-wing,0,0,1,40,0,63.0
Democratic,Centrist,1,1,1,30,1,50.0
Democratic,Left-wing,1,1,1,30,1,50.0
Independent,Left-wing,1,0,1,33,0,57.0
Democratic,Left-wing,1,1,1,26,1,37.0
Democratic,Left-wing,1,1,1,34,1,21.0
Democratic,Left-wing,1,1,1,44,1,34.0
Republican,Centrist,1,0,0,50,0,61.0
Democratic,Left-wing,1,1,1,39,1,26.0
Green,Centrist,0,1,1,34,0,31.0
Independent,Centrist,1,0,1,29,0,46.0
Democratic,Left-wing,1,1,1,36,1,29.0
Independent,Centrist,1,0,1,36,0,21.0
Democratic,Centrist,1,1,1,24,1,67.0
Republican,Right-wing,1,1,1,36,1,39.0
Independent,Left-wing,1,1,1,21,1,38.0
Independent,Centrist,1,0,1,34,0,37.0
Democratic,Centrist,1,1,1,34,1,37.0
Independent,Right-wing,0,0,0,33,0,36.0
Democratic,Left-wing,1,1,1,21,1,51.0
Independent,Centrist,0,0,0,30,0,34.0
Independent,Centrist,1,1,1,28,1,45.0
Democratic,Left-wing,1,1,1,38,1,31.0
Republican,Right-wing,0,0,1,41,0,48.0
Republican,Right-wing,0,0,0,38,0,41.0
Democratic,Left-wing,0,1,0,26,0,23.0
Democratic,Left-wing,1,1,1,25,1,43.0
Republican,Centrist,1,0,1,25,0,66.0
Independent,Centrist,1,1,1,37,1,64.0
Green,Left-wing,1,1,1,20,1,40.0
Democratic,Left-wing,1,1,1,27,1,57.0
Democratic,Left-wing,1,1,1,54,1,37.0
Republican,Right-wing,0,0,0,24,0,39.0
Democratic,Left-wing,1,1,1,39,1,46.0
Republican,Centrist,1,0,1,25,0,41.0
Independent,Left-wing,0,1,1,30,0,46.0
Independent,Centrist,1,1,1,28,1,61.0
Independent,Centrist,1,0,1,27,0,70.0
Independent,Centrist,0,0,0,23,0,45.0
Democratic,Left-wing,1,1,1,26,1,40.0
Independent,Centrist,1,0,0,21,0,41.0
Democratic,Centrist,0,0,0,31,0,31.0
Democratic,Left-wing,1,0,1,35,0,39.0
Democratic,Left-wing,1,1,1,41,1,54.0
Democratic,Left-wing,1,1,1,40,1,30.0
Democratic,Left-wing,1,1,1,33,1,41.0
Democratic,Left-wing,1,1,1,38,1,31.0
Democratic,Left-wing,1,1,1,36,1,33.0
Independent,Right-wing,0,0,0,40,0,36.0
Democratic,Centrist,1,1,1,30,1,73.0
Democratic,Left-wing,1,1,1,32,1,34.0
Republican,Right-wing,0,0,0,40,0,61.0
Independent,Centrist,1,0,0,22,0,28.0
Democratic,Left-wing,1,1,1,33,1,25.0
Republican,Right-wing,0,0,0,42,0,70.0
Democratic,Left-wing,1,1,1,19,1,55.0
Democratic,Left-wing,1,1,1,30,1,35.0
Democratic,Centrist,1,1,1,33,1,65.0
Independent,Centrist,1,1,1,39,1,36.0
Independent,Left-wing,1,1,1,29,1,21.0
Republican,Right-wing,0,0,0,28,0,40.0
Democratic,Centrist,1,0,1,27,0,51.0
Independent,Centrist,1,0,1,34,0,50.0
Independent,Centrist,1,0,1,25,0,44.0
Republican,Right-wing,0,0,0,25,0,42.0
no party,Centrist,1,0,1,28,0,60.0
Democratic,Centrist,1,1,1,21,1,61.0
Democratic,Left-wing,1,0,1,35,0,35.0
Republican,Right-wing,1,1,1,31,1,49.0
Republican,Centrist,1,0,1,18,0,42.0
Democratic,Left-wing,1,1,1,26,1,24.0
Democratic,Centrist,1,0,0,38,0,62.0
Independent,Centrist,0,0,0,24,0,43.0
Democratic,Left-wing,1,1,1,23,1,55.0
Republican,Right-wing,1,0,0,27,0,24.0
Republican,Right-wing,1,1,1,25,1,48.0
Republican,Right-wing,0,0,0,21,0,72.0
Democratic,Centrist,1,0,1,32,0,49.0
Independent,Centrist,0,0,0,29,0,32.0
Independent,Centrist,0,0,0,25,0,38.0
Democratic,Centrist,0,0,1,40,0,58.0
Democratic,Left-wing,1,1,1,31,1,36.0
Republican,Right-wing,0,0,0,25,0,37.0
Democratic,Right-wing,1,1,1,30,1,34.0
Democratic,Left-wing,1,1,1,32,1,39.0
Democratic,Left-wing,1,1,1,32,1,25.0
Republican,Centrist,0,0,0,28,0,61.0
Independent,Centrist,1,0,0,25,0,43.0
Independent,Left-wing,1,1,1,36,1,35.0
Democratic,Left-wing,1,1,1,31,1,36.0
Democratic,Left-wing,1,1,1,34,1,29.0
Democratic,Left-wing,1,0,1,22,0,57.0
Democratic,Left-wing,1,1,1,23,1,49.0
Democratic,Left-wing,1,1,1,34,1,24.0
Democratic,Left-wing,1,1,1,25,1,38.0
Independent,Centrist,1,1,1,25,1,37.0
Democratic,Left-wing,1,1,1,40,1,24.0
Republican,Right-wing,0,0,0,32,0,51.0
Democratic,Left-wing,1,1,1,30,1,32.0
Democratic,Left-wing,1,1,1,24,1,32.0
Republican,Right-wing,1,0,1,39,0,38.0
Republican,Centrist,1,0,0,28,0,46.0
Independent,Centrist,1,0,0,18,0,49.0
Democratic,Right-wing,1,1,1,25,1,37.0
Democratic,Left-wing,1,1,1,50,1,26.0
Democratic,Left-wing,1,1,1,25,1,33.0
Independent,Centrist,1,0,1,30,0,50.0
Democratic,Left-wing,1,1,1,30,1,45.0
Republican,Right-wing,1,0,1,28,0,25.0
Democratic,Left-wing,1,1,1,32,1,57.0
Libertarian,Centrist,1,0,1,27,0,36.0
Independent,Right-wing,0,0,1,26,0,28.0
Independent,Centrist,1,1,1,21,1,45.0
Democratic,Left-wing,1,1,1,33,1,19.0
Independent,Centrist,1,0,1,30,0,30.0
Democratic,Left-wing,1,0,1,20,0,28.0
Democratic,Left-wing,1,0,1,33,0,38.0
Democratic,Centrist,1,1,1,22,1,21.0
Democratic,Left-wing,1,1,1,30,1,29.0
Democratic,Left-wing,1,1,1,21,1,30.0
Independent,Right-wing,1,0,0,33,0,37.0
Republican,Centrist,1,1,1,32,1,57.0
Independent,Left-wing,1,1,1,28,1,39.0
Independent,Centrist,1,0,1,34,0,34.0
Independent,Centrist,1,1,1,35,1,28.0
Independent,Left-wing,1,0,0,32,0,62.0
Democratic,Left-wing,1,1,1,27,1,47.0
Independent,Centrist,0,0,0,25,0,40.0
Libertarian,Centrist,1,0,1,30,0,33.0
Democratic,Left-wing,1,1,1,31,1,66.0
Democratic,Centrist,1,1,1,26,1,56.0
Independent,Centrist,1,1,1,28,1,56.0
Libertarian,Centrist,1,0,1,34,0,32.0
Democratic,Left-wing,1,1,1,23,1,48.0
Democratic,Left-wing,1,1,1,37,1,25.0
Independent,Centrist,1,1,1,26,1,64.0
Democratic,Left-wing,1,1,1,27,1,77.0
Republican,Right-wing,0,0,0,36,0,41.0
Republican,Left-wing,0,0,0,17,0,52.0
Democratic,Left-wing,1,1,1,27,1,47.0
Independent,Left-wing,1,1,0,27,0,30.0
Democratic,Left-wing,1,1,1,34,1,55.0
Democratic,Left-wing,1,1,1,30,1,66.0
Independent,Centrist,0,0,0,46,0,39.0
Democratic,Left-wing,1,1,1,25,1,26.0
Republican,Centrist,0,0,1,26,0,65.0
Independent,Centrist,1,1,1,25,1,66.0
Democratic,Left-wing,1,1,1,31,1,36.0
Democratic,Left-wing,1,1,1,32,1,40.0
Republican,Right-wing,0,0,0,28,0,64.0
Independent,Centrist,0,0,0,32,0,33.0
Republican,Centrist,0,0,0,26,0,50.0
Democratic,Centrist,1,1,1,36,1,32.0
none,Centrist,1,0,1,35,0,39.0
Republican,Centrist,1,1,1,28,1,35.0
Republican,Right-wing,1,0,1,22,0,39.0
Democratic,Left-wing,1,1,1,38,1,39.0
Republican,Right-wing,0,0,0,27,0,46.0
Democratic,Left-wing,1,1,1,28,1,59.0
Independent,Centrist,1,0,1,30,0,68.0
Democratic,Centrist,1,1,1,18,1,58.0
Independent,Centrist,1,1,1,26,1,36.0
Independent,Centrist,1,0,0,38,0,30.0
Republican,Right-wing,1,0,1,24,0,64.0
Democratic,Left-wing,1,1,1,23,1,64.0
Republican,Right-wing,0,0,0,24,0,35.0
Republican,Centrist,1,1,1,26,1,45.0
Democratic,Left-wing,1,1,1,34,1,27.0
Republican,Centrist,0,0,0,24,0,61.0
Independent,Centrist,1,0,0,31,0,37.0
Democratic,Left-wing,1,0,1,44,0,33.0
Democratic,Left-wing,1,0,1,36,0,37.0
Democratic,Left-wing,1,1,1,27,1,64.0
Republican,Centrist,1,0,0,36,0,32.0
Independent,Centrist,1,0,0,22,0,45.0
Democratic,Left-wing,1,1,1,23,1,41.0
Democratic,Centrist,1,1,1,30,1,48.0
Independent,Left-wing,1,0,1,31,0,68.0
Democratic,Left-wing,1,1,1,36,1,45.0
Republican,Right-wing,0,0,0,27,0,46.0
Democratic,Left-wing,1,1,1,32,1,33.0
Democratic,Left-wing,1,1,1,31,1,38.0
Independent,Centrist,1,1,1,34,1,34.0
Democratic,Left-wing,1,1,1,29,1,29.0
Independent,Left-wing,1,1,1,30,1,40.0
Independent,Centrist,1,0,1,33,0,51.0
Republican,Right-wing,0,0,0,26,0,26.0
Democratic,Centrist,1,1,1,28,1,37.0
Democratic,Left-wing,1,0,1,35,0,55.0
Republican,Centrist,1,0,1,32,0,31.0
leftist,Left-wing,1,1,1,29,1,36.0
Independent,Centrist,1,1,1,21,1,55.0
Democratic,Left-wing,1,1,1,26,1,56.0
Democratic,Left-wing,1,1,1,42,1,27.0
Independent,Left-wing,1,1,1,53,1,60.0
Republican,Right-wing,0,0,0,22,0,66.0
Republican,Right-wing,0,0,1,35,0,66.0
Democratic,Left-wing,1,1,1,30,1,61.0
Independent,Left-wing,1,1,1,32,1,43.0
Democratic,Left-wing,1,0,1,33,0,41.0
Independent,Right-wing,0,0,1,35,0,71.0
Democratic,Left-wing,1,1,1,30,1,37.0
Democratic,Left-wing,1,1,0,39,0,37.0
Democratic,Left-wing,1,0,1,26,0,32.0
Neutral,Centrist,1,1,1,20,1,66.0
Independent,Right-wing,0,0,0,19,0,53.0
Republican,Right-wing,0,0,0,34,0,48.0
Republican,Right-wing,1,0,1,25,0,67.0
Democratic,Left-wing,1,1,1,27,1,42.0
Republican,Right-wing,1,1,1,23,1,86.0
Independent,Left-wing,1,1,1,36,1,38.0
Independent,Left-wing,1,1,1,44,1,22.0
Democratic,Left-wing,1,1,1,26,1,44.0
Democratic,Left-wing,1,1,1,18,1,71.0
Democratic,Left-wing,1,1,0,35,0,34.0
Independent,Left-wing,1,1,1,21,1,30.0
Republican,Right-wing,0,0,0,33,0,27.0
Democratic,Left-wing,1,1,1,36,1,21.0
Democratic,Left-wing,1,0,1,23,0,24.0
Democratic,Left-wing,1,1,1,36,1,33.0
Democratic,Left-wing,1,1,1,23,1,61.0
Republican,Right-wing,0,0,0,26,0,52.0
Republican,Right-wing,0,0,0,18,0,48.0
Independent,Centrist,1,0,1,25,0,27.0
Democratic,Left-wing,1,1,1,26,1,56.0
Independent,Centrist,1,0,0,32,0,32.0
Republican,Right-wing,0,0,0,26,0,57.0
Democratic,Left-wing,1,1,1,32,1,38.0
Independent,Left-wing,1,1,1,35,1,27.0
Democratic,Left-wing,1,1,1,34,1,39.0
Democratic,Left-wing,1,1,1,36,1,35.0
Democratic,Left-wing,1,1,1,23,1,27.0
Independent,Centrist,1,1,1,37,1,23.0
Independent,Centrist,0,0,0,25,0,34.0
Green,Centrist,0,0,1,24,0,29.0
Democratic,Left-wing,1,1,1,25,1,66.0
Republican,Right-wing,1,1,1,19,1,53.0
Democratic,Right-wing,0,1,1,38,0,48.0
Democratic,Centrist,1,1,1,24,1,51.0
Democratic,Centrist,1,1,1,40,1,53.0
Republican,Right-wing,0,0,0,36,0,64.0
Democratic,Left-wing,1,1,1,25,1,41.0
Republican,Right-wing,0,0,0,30,0,46.0
Democratic,Left-wing,1,1,1,24,1,34.0
Independent,Centrist,1,1,1,36,1,56.0
Democratic,Left-wing,1,1,1,33,1,37.0
Independent,Centrist,1,0,0,42,0,59.0
Independent,Centrist,0,0,1,36,0,48.0
Republican,Right-wing,1,0,1,28,0,30.0
Democratic,Right-wing,0,1,0,32,0,35.0
Democratic,Left-wing,1,1,1,33,1,45.0
Democratic,Left-wing,1,1,1,22,1,37.0
Democratic,Left-wing,1,1,1,31,1,45.0
Democratic,Left-wing,1,1,1,35,1,22.0
Democratic,Centrist,1,1,1,34,1,68.0
Democratic,Left-wing,1,1,1,25,1,43.0
Independent,Left-wing,1,1,1,42,1,29.0
Democratic,Left-wing,1,1,1,35,1,30.0
Republican,Right-wing,0,1,1,40,0,49.0
Independent,Centrist,1,0,1,21,0,49.0
Republican,Centrist,1,0,0,67,0,40.0
Independent,Right-wing,1,0,0,21,0,39.0
Democratic,Left-wing,1,1,1,27,1,81.0
Democratic,Left-wing,1,1,1,26,1,44.0
Independent,Left-wing,1,1,1,29,1,33.0
Democratic,Left-wing,1,1,1,29,1,42.0
Democratic,Left-wing,1,0,1,20,0,55.0
Democratic,Left-wing,1,1,1,30,1,31.0
Independent,Left-wing,1,1,1,27,1,39.0
Independent,Left-wing,1,1,1,35,1,25.0
Independent,Centrist,1,1,1,42,1,22.0
Democratic,Left-wing,1,1,1,17,1,31.0
Democratic,Left-wing,1,1,1,36,1,58.0
Independent,Centrist,1,0,0,32,0,32.0
Independent,Centrist,1,0,1,33,0,26.0
Democratic,Left-wing,1,1,1,40,1,27.0
Democratic,Left-wing,1,1,1,46,1,32.0
Republican,Right-wing,1,0,1,34,0,46.0
Republican,Right-wing,0,0,0,24,0,24.0
Democratic,Left-wing,1,0,1,23,0,59.0
Republican,Right-wing,1,1,1,34,1,39.0
Independent,Left-wing,1,1,1,32,1,58.0
Independent,Left-wing,0,1,1,34,0,43.0
Independent,Centrist,1,1,1,50,1,48.0
Independent,Centrist,1,1,0,27,0,38.0
Republican,Right-wing,0,0,1,30,0,69.0
Republican,Right-wing,0,0,0,26,0,53.0
Independent,Centrist,1,1,1,30,1,36.0
Independent,Centrist,0,0,0,21,0,56.0
Republican,Right-wing,1,0,1,30,0,32.0
Independent,Centrist,1,1,1,25,1,24.0
Republican,Right-wing,0,0,0,30,0,36.0
Democratic,Left-wing,1,1,0,30,0,62.0
Democratic,Left-wing,1,1,1,29,1,23.0
Democratic,Left-wing,1,1,1,22,1,45.0
Independent,Right-wing,0,0,0,30,0,34.0
Independent,Centrist,0,1,1,37,0,54.0
Democratic,Left-wing,1,1,1,23,1,51.0
Independent,Right-wing,0,0,1,27,0,72.0
Independent,Centrist,1,0,0,35,0,26.0
Independent,Centrist,1,0,0,38,0,35.0
Democratic,Left-wing,1,1,1,27,1,37.0
Republican,Right-wing,1,0,0,27,0,38.0
Democratic,Centrist,1,0,0,18,0,63.0
Independent,Right-wing,0,0,1,24,0,30.0
Libertarian,Right-wing,1,0,1,33,0,32.0
Independent,Left-wing,1,1,1,42,1,63.0
Republican,Left-wing,1,1,1,21,1,60.0
Republican,Right-wing,1,0,0,35,0,29.0
Democratic,Left-wing,1,1,1,39,1,23.0
Democratic,Left-wing,1,1,1,19,1,43.0
Independent,Centrist,0,0,1,35,0,65.0
Democratic,Left-wing,1,1,1,43,1,27.0
Democratic,Left-wing,1,1,1,32,1,34.0
Socialist,Left-wing,1,1,1,35,1,58.0
Independent,Centrist,1,0,1,28,0,40.0
Democratic,Left-wing,1,1,1,33,1,34.0
Independent,Centrist,1,1,1,32,1,34.0
Democratic,Left-wing,1,1,1,23,1,40.0
Democratic,Left-wing,1,1,1,32,1,29.0
Democratic,Left-wing,1,1,1,39,1,49.0
Democratic,Centrist,1,1,1,32,1,34.0
Independent,Right-wing,0,0,0,35,0,30.0
Democratic,Left-wing,1,1,1,39,1,55.0
Republican,Right-wing,0,0,0,42,0,42.0
Democratic,Left-wing,1,1,1,34,1,70.0
Democratic,Left-wing,1,1,1,32,1,31.0
Independent,Left-wing,1,1,1,52,1,41.0
Democratic,Left-wing,1,1,1,32,1,60.0
Republican,Right-wing,0,0,1,24,0,34.0
Republican,Centrist,1,0,0,28,0,62.0
Independent,Centrist,0,0,0,41,0,57.0
Independent,Left-wing,1,1,1,20,1,28.0
Independent,Right-wing,1,1,1,37,1,62.0
Independent,Right-wing,0,0,0,24,0,61.0
Independent,Centrist,0,0,1,28,0,32.0
Democratic,Left-wing,1,1,1,34,1,69.0
Democratic,Right-wing,0,1,0,47,0,35.0
Democratic,Right-wing,1,1,1,25,1,29.0
Democratic,Left-wing,1,1,1,25,1,54.0
Green,Left-wing,1,1,0,27,0,57.0
Democratic,Left-wing,1,1,1,31,1,24.0
Republican,Right-wing,0,0,0,33,0,43.0
Republican,Centrist,1,0,1,35,0,45.0
Democratic,Right-wing,1,1,0,23,0,34.0
Republican,Right-wing,0,0,0,25,0,62.0
Republican,Right-wing,0,0,0,33,0,34.0
Republican,Right-wing,0,0,0,26,0,41.0
Republican,Right-wing,0,0,0,29,0,49.0
Republican,Right-wing,0,0,0,27,0,39.0
Republican,Right-wing,0,0,0,25,0,52.0
Republican,Right-wing,0,0,0,27,0,43.0
Republican,Right-wing,0,0,0,26,0,64.0
Republican,Right-wing,0,0,0,28,0,35.0
Republican,Right-wing,0,0,0,24,0,28.0
Independent,Right-wing,1,0,0,40,0,36.0
Republican,Right-wing,0,0,1,42,0,36.0
Republican,Right-wing,0,0,0,35,0,35.0
Libertarian,Right-wing,0,0,1,35,0,40.0
Independent,Right-wing,0,0,0,34,0,33.0
Republican,Right-wing,0,0,0,35,0,44.0
Independent,Right-wing,0,0,0,26,0,46.0
Republican,Right-wing,0,1,0,53,0,28.0
Independent,Right-wing,0,0,0,21,0,62.0
Republican,Right-wing,0,0,0,26,0,52.0
Independent,Right-wing,1,0,1,50,0,45.0
Republican,Right-wing,1,0,0,26,0,74.0
Republican,Centrist,0,1,1,31,0,52.0
Republican,Right-wing,1,0,1,27,0,44.0
Republican,Right-wing,0,0,1,35,0,52.0
Republican,Right-wing,0,0,0,40,0,62.0
Republican,Right-wing,0,0,0,35,0,61.0
Republican,Right-wing,0,0,0,30,0,62.0
Republican,Right-wing,0,0,1,26,0,44.0
Republican,Right-wing,0,0,0,27,0,56.0
Republican,Right-wing,1,0,0,25,0,64.0
Republican,Right-wing,0,0,0,33,0,41.0
Republican,Right-wing,0,0,0,25,0,38.0
Republican,Right-wing,0,0,0,28,0,35.0
Democratic,Right-wing,1,1,1,25,1,72.0
Republican,Right-wing,0,0,0,21,0,53.0
Independent,Right-wing,0,0,0,39,0,66.0
Republican,Right-wing,0,0,0,31,0,35.0
Republican,Right-wing,0,1,1,35,0,35.0
Republican,Right-wing,1,1,1,24,1,20.0
Republican,Right-wing,1,0,0,30,0,46.0
Republican,Right-wing,1,0,1,44,0,59.0
Republican,Right-wing,1,0,1,31,0,38.0
Republican,Right-wing,0,0,0,30,0,30.0
Republican,Right-wing,1,0,1,35,0,33.0
Republican,Centrist,1,0,1,34,0,59.0
Republican,Right-wing,0,0,1,37,0,57.0
Independent,Right-wing,0,0,0,53,0,34.0
Republican,Right-wing,0,0,0,27,0,53.0
Republican,Right-wing,0,0,0,26,0,36.0
Independent,Right-wing,0,0,1,23,0,61.0
Republican,Right-wing,0,0,1,44,0,25.0
Republican,Right-wing,1,0,0,36,0,36.0
Republican,Right-wing,0,0,0,27,0,63.0
Republican,Right-wing,1,0,1,20,0,42.0
Republican,Right-wing,0,0,1,23,0,58.0
Republican,Centrist,1,1,1,35,1,39.0
Independent,Right-wing,1,1,1,29,1,71.0
Republican,Right-wing,0,0,1,23,0,62.0
Republican,Right-wing,0,0,0,30,0,48.0
Republican,Right-wing,0,0,0,23,0,40.0
Republican,Right-wing,0,0,0,21,0,61.0
Republican,Right-wing,0,0,0,34,0,54.0
Republican,Right-wing,0,0,0,25,0,51.0
Republican,Right-wing,0,0,0,25,0,46.0
Republican,Right-wing,0,0,0,27,0,49.0
Republican,Right-wing,0,0,0,28,0,57.0
Republican,Right-wing,0,0,0,32,0,28.0
Republican,Right-wing,0,0,0,25,0,40.0
Independent,Right-wing,0,0,1,33,0,42.0
Republican,Right-wing,0,0,0,40,0,68.0
Republican,Right-wing,0,0,0,35,0,21.0
Republican,Right-wing,0,0,0,25,0,60.0
Republican,Right-wing,1,0,0,40,0,53.0
Republican,Right-wing,0,0,0,45,0,22.0
Republican,Right-wing,1,0,1,32,0,35.0
Republican,Right-wing,0,0,0,26,0,56.0
Republican,Right-wing,1,0,0,21,0,49.0
Republican,Right-wing,0,0,0,35,0,63.0
Republican,Right-wing,0,0,0,27,0,53.0
Republican,Right-wing,0,0,1,25,0,44.0
Republican,Right-wing,1,1,1,25,1,26.0
Republican,Right-wing,1,0,0,29,0,33.0
Republican,Right-wing,0,0,0,30,0,53.0
Republican,Right-wing,0,0,0,36,0,66.0
Republican,Right-wing,0,0,0,27,0,34.0
Republican,Right-wing,1,0,1,39,0,33.0
Republican,Right-wing,0,0,0,26,0,43.0
Republican,Centrist,0,0,0,36,0,33.0
Republican,Right-wing,0,0,0,21,0,50.0
Republican,Right-wing,0,0,0,29,0,50.0
Republican,Right-wing,0,0,1,30,0,41.0
Republican,Right-wing,0,0,0,31,0,49.0
Republican,Right-wing,0,0,0,20,0,60.0
Republican,Centrist,1,1,1,24,1,52.0
Republican,Centrist,0,0,1,21,0,37.0
Republican,Right-wing,0,0,0,33,0,34.0
Republican,Right-wing,1,0,1,30,0,40.0
Republican,Right-wing,1,0,0,26,0,56.0
Independent,Right-wing,0,0,0,33,0,74.0
Republican,Right-wing,0,0,0,34,0,45.0
Republican,Right-wing,0,0,0,35,0,34.0
Republican,Right-wing,0,0,0,25,0,52.0
Republican,Right-wing,0,0,0,39,0,42.0
Republican,Right-wing,0,0,0,30,0,33.0
Republican,Right-wing,1,1,1,30,1,20.0
Republican,Right-wing,0,0,0,40,0,27.0
Independent,Right-wing,1,1,0,25,0,24.0
Republican,Centrist,1,0,0,29,0,30.0
Republican,Right-wing,0,0,1,32,0,44.0
Republican,Right-wing,0,1,1,35,0,42.0
Republican,Right-wing,0,1,0,25,0,20.0
Republican,Centrist,1,0,1,33,0,26.0
Republican,Right-wing,1,0,0,27,0,59.0
Republican,Right-wing,0,0,1,30,0,24.0
Republican,Right-wing,0,1,0,37,0,79.0
Republican,Right-wing,0,0,0,30,0,64.0
Republican,Right-wing,0,0,0,26,0,32.0
Republican,Right-wing,0,0,0,23,0,51.0
Independent,Right-wing,0,0,0,35,0,50.0
Republican,Right-wing,1,0,1,45,0,67.0
Independent,Right-wing,0,0,0,21,0,51.0
Republican,Right-wing,1,0,1,36,0,39.0
Republican,Right-wing,0,0,0,30,0,62.0
Republican,Right-wing,0,0,0,26,0,50.0
Republican,Right-wing,0,0,0,25,0,37.0
Republican,Right-wing,1,0,1,27,0,36.0
Republican,Right-wing,0,0,1,25,0,57.0
Republican,Right-wing,1,0,1,31,0,71.0
Republican,Centrist,1,0,0,21,0,60.0
Republican,Right-wing,1,0,0,50,0,65.0
Republican,Right-wing,1,1,1,35,1,55.0
Republican,Right-wing,0,0,0,32,0,29.0
Republican,Right-wing,0,1,1,27,0,33.0
Republican,Right-wing,0,0,1,32,0,64.0
Republican,Right-wing,0,1,1,40,0,70.0
Republican,Right-wing,0,0,1,22,0,48.0
Republican,Right-wing,0,0,1,40,0,67.0
Republican,Right-wing,1,0,1,34,0,65.0
Independent,Right-wing,0,0,1,30,0,32.0
Democratic,Right-wing,0,1,0,24,0,61.0
Independent,Centrist,0,0,0,30,0,43.0
Republican,Right-wing,0,0,0,24,0,48.0
Republican,Right-wing,0,0,0,38,0,34.0
Republican,Right-wing,0,0,0,21,0,59.0
Republican,Centrist,0,0,0,26,0,30.0
Republican,Right-wing,1,1,1,28,1,55.0
Republican,Right-wing,0,0,1,26,0,56.0
Republican,Right-wing,0,0,1,19,0,51.0
Republican,Right-wing,0,0,0,28,0,50.0
Republican,Right-wing,0,0,0,20,0,50.0
Republican,Right-wing,0,0,0,28,0,47.0
Republican,Right-wing,0,0,0,35,0,47.0
Republican,Right-wing,0,0,0,30,0,64.0
Independent,Right-wing,1,0,1,43,0,63.0
Republican,Right-wing,1,0,0,25,0,51.0
Republican,Right-wing,1,1,1,37,1,40.0
Republican,Right-wing,0,0,0,25,0,70.0
Independent,Centrist,0,0,0,23,0,55.0
Republican,Right-wing,0,0,0,30,0,48.0
Republican,Right-wing,0,0,0,32,0,59.0
Republican,Right-wing,0,0,0,16,0,68.0
Republican,Right-wing,0,1,0,24,0,55.0
Republican,Right-wing,0,0,0,28,0,29.0
Republican,Right-wing,1,0,1,24,0,44.0
Libertarian,Right-wing,0,0,0,25,0,48.0
Republican,Centrist,0,0,0,33,0,41.0
Republican,Right-wing,0,0,0,24,0,32.0
Republican,Right-wing,1,0,1,22,0,35.0
Republican,Right-wing,1,1,1,28,1,25.0
Republican,Right-wing,1,1,1,23,1,60.0
Republican,Right-wing,0,0,0,25,0,63.0
Republican,Centrist,1,0,1,31,0,21.0
Republican,Right-wing,1,0,0,30,0,31.0
Democratic,Left-wing,0,0,0,21,0,58.0
Republican,Right-wing,1,0,0,31,0,21.0
Republican,Right-wing,0,0,0,34,0,44.0
Republican,Right-wing,1,1,1,25,1,62.0
Republican,Right-wing,0,0,1,39,0,71.0
Republican,Right-wing,0,1,1,29,0,22.0
Independent,Right-wing,0,0,0,21,0,33.0
Republican,Right-wing,1,0,0,25,0,39.0
Republican,Right-wing,1,1,1,30,1,50.0
Republican,Right-wing,0,0,0,30,0,51.0
Republican,Right-wing,0,0,0,37,0,54.0
Independent,Right-wing,0,1,1,19,0,30.0
Republican,Centrist,0,0,0,27,0,43.0
Republican,Right-wing,1,0,1,29,0,24.0
Republican,Right-wing,1,1,1,35,1,26.0
Republican,Right-wing,0,0,0,40,0,61.0
Republican,Right-wing,1,0,0,35,0,48.0
Republican,Right-wing,0,0,1,27,0,52.0
Republican,Right-wing,0,0,0,33,0,55.0
Republican,Right-wing,0,0,0,33,0,53.0
Republican,Right-wing,0,0,0,33,0,71.0
Republican,Right-wing,1,0,1,56,0,57.0
Republican,Centrist,1,0,0,38,0,59.0
Republican,Right-wing,0,0,0,31,0,36.0
Independent,Right-wing,0,0,0,21,0,47.0
Republican,Right-wing,0,0,0,32,0,40.0
Republican,Right-wing,0,0,0,30,0,66.0
Republican,Right-wing,0,0,0,29,0,44.0
Republican,Right-wing,0,0,1,42,0,49.0
Independent,Right-wing,0,0,0,22,0,39.0
Republican,Centrist,1,1,1,33,1,42.0
Republican,Right-wing,0,0,1,20,0,62.0
Republican,Right-wing,0,0,0,29,0,49.0
non trump repbulican,Right-wing,0,0,1,24,0,74.0
Independent,Centrist,1,0,1,32,0,67.0
Republican,Centrist,0,0,1,26,0,31.0
Republican,Centrist,1,1,1,32,1,31.0
Independent,Right-wing,0,0,0,40,0,23.0
Republican,Right-wing,0,0,0,29,0,53.0
Republican,Right-wing,0,0,0,22,0,39.0
Republican,Right-wing,0,0,0,24,0,36.0
Republican,Right-wing,0,0,0,31,0,30.0
Republican,Right-wing,0,0,0,23,0,48.0
Republican,Right-wing,0,0,0,39,0,24.0
Republican,Right-wing,0,0,1,32,0,55.0
Independent,Centrist,0,0,0,26,0,68.0
Republican,Right-wing,0,0,0,24,0,67.0
Republican,Centrist,0,0,0,26,0,52.0
Independent,Right-wing,1,0,0,38,0,31.0
Republican,Right-wing,0,0,0,23,0,24.0
Republican,Right-wing,0,0,1,43,0,27.0
Republican,Right-wing,0,0,0,24,0,69.0
Republican,Right-wing,0,0,0,28,0,58.0
Republican,Right-wing,0,0,1,38,0,59.0
Independent,Right-wing,0,0,0,31,0,28.0
Libertarian,Centrist,0,0,0,31,0,32.0
Republican,Right-wing,0,0,1,36,0,51.0
Republican,Right-wing,0,0,0,30,0,38.0
Republican,Right-wing,0,0,0,30,0,53.0
Republican,Right-wing,0,0,0,25,0,30.0
Republican,Right-wing,0,0,0,36,0,75.0
Republican,Right-wing,1,0,1,45,0,39.0
Republican,Right-wing,0,0,0,33,0,55.0
Republican,Right-wing,1,0,0,29,0,44.0
Republican,Right-wing,1,0,0,22,0,38.0
Republican,Right-wing,0,0,1,26,0,73.0
Republican,Right-wing,0,0,1,30,0,54.0
Republican,Right-wing,0,0,0,39,0,56.0
Republican,Right-wing,1,1,1,28,1,25.0
Republican,Centrist,1,1,1,28,1,46.0
Independent,Centrist,0,0,1,40,0,59.0
Democratic,Left-wing,1,1,1,32,1,39.0
Republican,Centrist,0,0,0,22,0,43.0
Democratic,Centrist,1,1,0,22,0,43.0
Republican,Centrist,0,0,1,21,0,55.0
Republican,Right-wing,0,0,1,31,0,21.0
Republican,Right-wing,0,0,1,35,0,28.0
Republican,Right-wing,0,0,0,33,0,67.0
Republican,Right-wing,0,0,0,18,0,64.0
Republican,Right-wing,0,0,0,25,0,59.0
Republican,Right-wing,1,0,0,23,0,32.0
Republican,Right-wing,0,0,0,27,0,32.0
Republican,Right-wing,0,0,0,35,0,34.0
Republican,Right-wing,0,0,0,29,0,35.0
Republican,Centrist,0,0,0,36,0,44.0
Republican,Right-wing,1,1,0,32,0,30.0
Republican,Right-wing,0,0,0,31,0,30.0
Republican,Right-wing,0,0,0,32,0,42.0
Independent,Centrist,1,1,1,23,1,68.0
Democratic,Centrist,1,1,1,25,1,24.0
Republican,Right-wing,1,1,1,20,1,38.0
Republican,Right-wing,0,0,0,39,0,24.0
Republican,Right-wing,0,0,1,31,0,80.0
Republican,Right-wing,1,0,1,36,0,42.0
Republican,Right-wing,0,0,1,27,0,31.0
Republican,Centrist,1,0,0,28,0,51.0
Republican,Right-wing,1,0,1,32,0,71.0
Republican,Right-wing,1,0,1,26,0,54.0
Republican,Right-wing,0,0,0,22,0,51.0
Republican,Right-wing,0,0,0,24,0,42.0
Republican,Right-wing,0,0,0,40,0,63.0
Republican,Right-wing,1,1,1,30,1,44.0
Republican,Right-wing,1,1,1,36,1,32.0
Republican,Right-wing,1,1,0,26,0,25.0
Republican,Right-wing,0,0,0,21,0,30.0
Republican,Right-wing,1,1,0,26,0,42.0
Republican,Right-wing,1,0,1,30,0,61.0
Republican,Right-wing,0,0,0,24,0,35.0
Republican,Right-wing,0,0,0,32,0,62.0
Republican,Right-wing,0,1,1,20,0,65.0
Republican,Right-wing,0,0,0,24,0,67.0
Republican,Right-wing,1,1,1,30,1,36.0
Republican,Right-wing,1,1,1,30,1,33.0
Republican,Right-wing,0,0,0,20,0,23.0
Republican,Right-wing,1,1,1,27,1,53.0
Republican,Right-wing,1,1,1,25,1,34.0
Republican,Right-wing,1,0,0,29,0,36.0
Republican,Right-wing,1,0,1,21,0,42.0
Republican,Right-wing,0,0,0,37,0,27.0
Republican,Centrist,1,0,1,24,0,25.0
Republican,Right-wing,0,0,0,37,0,54.0
Republican,Right-wing,1,0,0,34,0,24.0
Republican,Right-wing,1,0,0,31,0,65.0
Republican,Right-wing,1,0,0,19,0,56.0
Republican,Centrist,1,1,1,36,1,63.0
Republican,Right-wing,0,0,0,40,0,49.0
Republican,Right-wing,0,0,0,28,0,61.0
Independent,Right-wing,0,0,0,27,0,45.0
Republican,Right-wing,0,0,0,34,0,46.0
Republican,Right-wing,0,1,1,30,0,56.0
Independent,Right-wing,0,0,0,26,0,47.0
Republican,Right-wing,0,0,0,29,0,47.0
Independent,Centrist,0,1,0,31,0,67.0
Republican,Right-wing,0,0,1,26,0,54.0
Republican,Right-wing,1,0,0,39,0,61.0
Republican,Right-wing,0,0,0,34,0,34.0
Independent,Right-wing,0,0,0,31,0,47.0
Republican,Right-wing,0,0,0,37,0,30.0
Republican,Right-wing,0,0,0,43,0,27.0
Republican,Centrist,1,0,1,32,0,32.0
Republican,Right-wing,1,1,1,21,1,43.0
Republican,Centrist,1,0,1,25,0,49.0
Republican,Right-wing,0,0,1,43,0,27.0
Republican,Right-wing,1,0,0,21,0,46.0
Republican,Right-wing,0,0,0,22,0,49.0
Republican,Right-wing,0,1,1,43,0,75.0
Republican,Right-wing,0,0,0,40,0,31.0
Republican,Right-wing,0,1,0,35,0,51.0
Democratic,Right-wing,0,0,0,24,0,61.0
Democratic,Right-wing,0,0,1,28,0,75.0
Republican,Right-wing,0,0,0,24,0,76.0
Republican,Right-wing,0,0,1,23,0,61.0
Republican,Centrist,0,0,0,24,0,52.0
Independent,Centrist,0,0,1,36,0,73.0
Republican,Right-wing,1,0,0,32,0,66.0
Republican,Right-wing,0,0,0,38,0,28.0
Republican,Right-wing,0,0,0,23,0,58.0
Republican,Centrist,1,1,1,23,1,65.0
Republican,Right-wing,0,0,0,20,0,42.0
Republican,Right-wing,1,0,1,46,0,61.0
Republican,Centrist,0,0,0,27,0,35.0
Republican,Right-wing,1,0,0,29,0,54.0
Republican,Right-wing,0,0,0,30,0,45.0
Republican,Right-wing,1,0,0,44,0,44.0
Republican,Right-wing,0,0,0,35,0,29.0
Constitutionalist,Right-wing,1,0,1,27,0,45.0
Republican,Right-wing,1,0,1,28,0,39.0
Republican,Right-wing,0,0,0,27,0,34.0
Independent,Right-wing,0,0,0,36,0,21.0
Republican,Right-wing,1,0,0,27,0,53.0
Republican,Centrist,1,1,1,23,1,36.0
Republican,Centrist,0,0,0,25,0,51.0
Republican,Right-wing,0,0,0,36,0,57.0
Republican,Centrist,1,0,1,33,0,51.0
Republican,Right-wing,0,0,0,36,0,75.0
Republican,Right-wing,0,0,0,31,0,42.0
Republican,Right-wing,0,0,0,26,0,57.0
Republican,Centrist,1,0,1,39,0,52.0
Republican,Right-wing,0,0,1,25,0,60.0
Republican,Right-wing,1,0,1,34,0,55.0
Republican,Right-wing,0,0,0,42,0,44.0
Republican,Right-wing,1,0,0,32,0,60.0
Independent,Centrist,1,0,0,30,0,46.0
Independent,Right-wing,0,0,0,25,0,37.0
Independent,Centrist,0,0,0,30,0,49.0
Republican,Right-wing,0,0,0,33,0,20.0
Republican,Centrist,0,0,1,33,0,74.0
Republican,Right-wing,0,0,0,39,0,24.0
Republican,Right-wing,0,0,0,24,0,36.0
Independent,Right-wing,0,0,0,21,0,41.0
Republican,Right-wing,0,0,1,31,0,20.0
Republican,Centrist,0,0,0,30,0,20.0
Republican,Right-wing,1,0,1,26,0,23.0
Republican,Right-wing,0,0,0,35,0,68.0
Independent,Centrist,0,0,0,34,0,41.0
Republican,Right-wing,0,0,0,29,0,53.0
Republican,Right-wing,0,0,0,45,0,31.0
Republican,Right-wing,0,0,1,29,0,64.0
Republican,Right-wing,0,0,0,30,0,39.0
Republican,Right-wing,1,0,0,22,0,41.0
Republican,Right-wing,1,0,0,28,0,24.0
Republican,Right-wing,0,0,0,42,0,58.0
Republican,Right-wing,1,0,0,32,0,37.0
Republican,Right-wing,0,0,0,23,0,52.0
Republican,Right-wing,0,0,0,28,0,61.0
Republican,Right-wing,0,0,0,29,0,29.0
Republican,Centrist,0,1,1,26,0,34.0
Independent,Centrist,0,1,1,34,0,48.0
Republican,Right-wing,1,0,0,21,0,42.0
Republican,Right-wing,0,0,0,26,0,53.0
Republican,Centrist,0,0,0,20,0,54.0
Republican,Right-wing,1,0,1,28,0,48.0
Republican,Right-wing,0,0,1,21,0,67.0
Republican,Centrist,0,0,0,19,0,35.0
Independent,Right-wing,1,0,0,25,0,46.0
Republican,Right-wing,0,0,0,32,0,30.0
Republican,Right-wing,1,0,1,30,0,30.0
Republican,Right-wing,0,0,1,35,0,70.0
Republican,Right-wing,1,0,1,31,0,55.0
Republican,Right-wing,0,0,0,26,0,41.0
Republican,Right-wing,0,0,0,30,0,59.0
Republican,Centrist,1,0,0,33,0,38.0
Republican,Right-wing,1,0,1,34,0,28.0
Republican,Right-wing,1,0,0,21,0,23.0
Republican,Right-wing,0,0,0,28,0,33.0
Republican,Right-wing,0,0,0,25,0,32.0
Republican,Right-wing,1,0,1,36,0,20.0
Republican,Right-wing,1,1,0,34,0,33.0
Republican,Right-wing,0,0,0,28,0,54.0
Republican,Right-wing,0,0,1,48,0,28.0
Democratic,Right-wing,1,1,1,37,1,53.0
Republican,Centrist,1,0,1,38,0,37.0
Republican,Right-wing,1,0,0,19,0,37.0
Republican,Right-wing,0,0,0,31,0,41.0
Republican,Right-wing,0,0,0,26,0,50.0
Independent,Right-wing,0,0,0,29,0,45.0
Republican,Right-wing,0,0,1,28,0,36.0
Republican,Right-wing,1,0,1,18,0,32.0
Republican,Right-wing,1,0,0,29,0,53.0
Republican,Right-wing,0,0,0,28,0,32.0
Democratic,Right-wing,1,1,1,34,1,66.0
Republican,Right-wing,0,0,1,25,0,27.0
Republican,Right-wing,0,0,0,25,0,52.0
Republican,Right-wing,0,0,0,20,0,44.0
Republican,Right-wing,0,0,0,39,0,24.0
Democratic,Left-wing,1,1,1,20,1,58.0
Republican,Right-wing,1,0,1,27,0,42.0
Independent,Right-wing,0,0,0,18,0,35.0
Republican,Right-wing,0,0,1,30,0,20.0
Republican,Centrist,0,0,1,22,0,42.0
Republican,Right-wing,0,0,0,24,0,35.0
Republican,Centrist,0,0,0,40,0,23.0
Democratic,Right-wing,0,1,1,31,0,54.0
Independent,Centrist,0,0,0,29,0,61.0
Republican,Right-wing,0,0,1,27,0,38.0
Republican,Right-wing,0,0,1,32,0,19.0
Republican,Right-wing,0,0,0,33,0,42.0
Independent,Centrist,0,0,0,17,0,38.0
Republican,Right-wing,1,0,0,30,0,33.0
Republican,Right-wing,0,0,0,18,0,40.0
Republican,Centrist,1,0,1,25,0,46.0
Republican,Right-wing,0,0,0,23,0,31.0
Democratic,Right-wing,1,1,0,35,0,30.0
Democratic,Right-wing,1,1,1,22,1,42.0
Independent,Right-wing,0,0,0,21,0,35.0
Republican,Right-wing,0,0,1,25,0,40.0
Republican,Right-wing,0,0,0,34,0,37.0
Republican,Centrist,1,0,1,37,0,51.0
Independent,Right-wing,0,1,0,26,0,64.0
Republican,Right-wing,0,0,0,38,0,46.0
Republican,Right-wing,0,0,0,23,0,54.0
Republican,Right-wing,1,0,1,31,0,43.0
Republican,Right-wing,1,0,1,34,0,69.0
Republican,Right-wing,1,0,0,21,0,40.0
Republican,Right-wing,1,0,0,20,0,30.0
Republican,Right-wing,1,1,1,31,1,42.0
Republican,Right-wing,1,0,1,27,0,58.0
Republican,Right-wing,0,0,0,26,0,58.0
Republican,Right-wing,1,1,1,45,1,60.0
Republican,Right-wing,0,0,0,27,0,51.0
Republican,Centrist,1,0,0,20,0,52.0
Independent,Centrist,1,0,1,24,0,63.0
Republican,Right-wing,1,1,1,24,1,59.0
Republican,Right-wing,1,0,0,28,0,55.0
Republican,Centrist,1,0,1,24,0,51.0
Republican,Right-wing,0,0,1,24,0,56.0
Republican,Right-wing,0,0,1,23,0,65.0
Republican,Right-wing,0,0,0,25,0,57.0
Republican,Right-wing,0,0,0,17,0,26.0
Republican,Right-wing,0,0,1,22,0,37.0
Republican,Right-wing,0,0,0,25,0,43.0
Republican,Right-wing,0,0,1,31,0,48.0
Republican,Right-wing,0,1,0,30,0,48.0
Independent,Right-wing,0,0,0,37,0,38.0
Republican,Right-wing,0,1,0,42,0,33.0
Democratic,Left-wing,1,1,1,44,1,61.0
Republican,Right-wing,0,0,0,25,0,35.0
Democratic,Left-wing,1,1,1,28,1,33.0
Independent,Centrist,1,1,1,33,1,21.0
Independent,Left-wing,1,1,1,24,1,31.0
Democratic,Centrist,1,0,1,32,0,51.0
Democratic,Left-wing,1,1,1,40,1,54.0
Independent,Left-wing,1,1,1,34,1,21.0
Independent,Centrist,1,0,1,24,0,34.0
Independent,Centrist,1,1,1,34,1,33.0
Republican,Right-wing,0,0,0,30,0,36.0
Democratic,Left-wing,1,1,1,33,1,35.0
Democratic,Left-wing,1,1,1,22,1,39.0
Independent,Right-wing,0,0,1,32,0,19.0
Libertarian,Centrist,1,1,1,30,1,44.0
Democratic,Left-wing,1,1,1,41,1,41.0
Democratic,Left-wing,1,1,1,36,1,35.0
Democratic,Left-wing,1,1,1,19,1,38.0
Democratic,Left-wing,1,1,1,25,1,69.0
Republican,Centrist,1,1,1,25,1,48.0
Democratic,Left-wing,1,1,1,21,1,38.0
Democratic,Left-wing,1,1,1,32,1,37.0
Republican,Centrist,1,1,1,18,1,24.0
Republican,Right-wing,0,0,1,25,0,54.0
Democratic,Left-wing,1,1,1,32,1,35.0
Democratic,Left-wing,1,1,1,32,1,27.0
Republican,Right-wing,1,0,1,26,0,67.0
Independent,Left-wing,1,1,1,40,1,60.0
Democratic,Left-wing,1,1,1,24,1,32.0
Democratic,Left-wing,1,1,1,41,1,50.0
Independent,Centrist,1,1,1,33,1,54.0
Democratic,Left-wing,1,1,1,29,1,58.0
Independent,Centrist,1,1,1,36,1,42.0
Republican,Right-wing,0,0,0,27,0,47.0
Democratic,Left-wing,1,1,1,38,1,22.0
Democratic,Left-wing,1,1,1,27,1,36.0
Libertarian,Centrist,0,0,1,30,0,68.0
Republican,Centrist,1,1,1,29,1,49.0
Democratic,Left-wing,1,1,1,22,1,33.0
Independent,Centrist,0,0,1,24,0,38.0
Democratic,Left-wing,1,1,1,39,1,41.0
Democratic,Left-wing,1,1,1,35,1,30.0
Democratic,Left-wing,1,1,1,22,1,39.0
Democratic,Left-wing,1,1,1,26,1,51.0
Democratic,Left-wing,1,1,1,25,1,34.0
Democratic,Left-wing,1,1,1,19,1,44.0
Democratic,Centrist,0,0,0,26,0,40.0
Independent,Centrist,0,0,0,20,0,53.0
Democratic,Left-wing,1,0,1,47,0,59.0
Independent,Centrist,0,0,0,29,0,44.0
Democratic,Left-wing,1,1,1,35,1,33.0
Democratic,Left-wing,1,1,1,24,1,42.0
Democratic,Left-wing,1,1,1,26,1,40.0
Democratic,Left-wing,1,1,1,33,1,55.0
Independent,Centrist,0,0,1,38,0,55.0
Democratic,Left-wing,1,1,1,25,1,54.0
Independent,Left-wing,1,0,1,36,0,30.0
Democratic,Left-wing,1,1,1,35,1,48.0
Democratic,Left-wing,1,1,1,38,1,44.0
Republican,Centrist,0,0,0,19,0,28.0
Democratic,Left-wing,1,1,1,34,1,55.0
Libertarian,Left-wing,1,1,1,31,1,25.0
Democratic,Left-wing,1,1,1,32,1,37.0
Democratic,Left-wing,1,1,1,42,1,27.0
Independent,Centrist,1,0,1,29,0,52.0
Democratic,Centrist,1,1,1,21,1,31.0
Republican,Centrist,0,0,1,32,0,81.0
Republican,Right-wing,0,0,0,21,0,34.0
Republican,Centrist,1,1,1,22,1,58.0
Independent,Centrist,0,0,1,35,0,32.0
Democratic,Left-wing,1,1,1,35,1,28.0
Democratic,Left-wing,1,1,1,40,1,30.0
Democratic,Centrist,1,1,1,36,1,51.0
Democratic,Left-wing,1,0,1,30,0,35.0
Libertarian,Centrist,1,0,1,42,0,33.0
Democratic,Left-wing,1,1,1,38,1,24.0
Independent,Centrist,1,1,1,37,1,22.0
Democratic,Left-wing,1,1,1,30,1,60.0
Green,Centrist,0,0,1,42,0,21.0
Democratic,Left-wing,1,0,1,32,0,36.0
Democratic,Left-wing,1,1,1,26,1,41.0
Independent,Centrist,1,0,1,30,0,32.0
Democratic,Left-wing,1,1,1,24,1,42.0
Republican,Right-wing,0,0,0,33,0,40.0
Independent,Left-wing,1,1,1,25,1,50.0
Republican,Centrist,0,0,0,42,0,63.0
Democratic,Left-wing,1,0,1,23,0,40.0
Independent,Left-wing,1,1,1,41,1,69.0
Democratic,Left-wing,1,1,1,28,1,32.0
Democratic,Left-wing,1,1,1,29,1,55.0
Independent,Left-wing,1,1,1,32,1,22.0
Democratic,Left-wing,1,1,1,22,1,37.0
Independent,Centrist,0,0,0,20,0,43.0
Independent,Centrist,1,0,1,35,0,31.0
Democratic,Left-wing,1,1,1,50,1,46.0
Democratic,Left-wing,1,1,1,33,1,68.0
Democratic,Left-wing,1,1,1,34,1,26.0
Democratic,Left-wing,1,1,1,33,1,66.0
Independent,Left-wing,1,1,1,32,1,33.0
Democratic,Left-wing,1,0,1,36,0,25.0
Democratic,Left-wing,1,1,1,39,1,28.0
Independent,Centrist,0,1,1,25,0,47.0
Democratic,Left-wing,1,1,1,23,1,52.0
Democratic,Left-wing,1,1,1,34,1,34.0
Democratic,Left-wing,1,1,1,27,1,22.0
Democratic,Left-wing,1,1,1,43,1,51.0
Republican,Right-wing,1,1,1,32,1,29.0
Independent,Left-wing,1,1,1,32,1,30.0
Independent,Centrist,1,1,1,28,1,23.0
Democratic,Left-wing,1,1,1,58,1,39.0
Democratic,Left-wing,1,1,1,31,1,60.0
Democratic,Left-wing,1,1,1,26,1,42.0
Independent,Centrist,0,0,1,33,0,25.0
Democratic,Centrist,1,1,1,34,1,26.0
Democratic,Left-wing,1,1,1,23,1,51.0
Democratic,Left-wing,1,1,1,27,1,31.0
Democratic,Left-wing,1,1,1,32,1,45.0
Libertarian,Centrist,1,1,1,35,1,33.0
Democratic,Left-wing,1,1,1,30,1,29.0
Democratic,Left-wing,1,1,1,23,1,42.0
Independent,Left-wing,1,0,1,39,0,23.0
Democratic,Centrist,1,1,1,34,1,68.0
Democratic,Left-wing,1,1,1,30,1,41.0
Independent,Centrist,1,1,1,27,1,51.0
Democratic,Left-wing,1,1,1,34,1,22.0
Democratic,Left-wing,1,1,1,31,1,27.0
Democratic,Left-wing,1,1,1,21,1,48.0
Independent,Centrist,0,0,0,19,0,46.0
Independent,Centrist,1,1,1,20,1,38.0
Democratic,Left-wing,1,1,1,30,1,32.0
Independent,Left-wing,1,1,1,46,1,24.0
Independent,Centrist,1,1,1,39,1,64.0
Independent,Centrist,1,1,1,37,1,58.0
Democratic,Left-wing,1,1,1,24,1,30.0
Democratic,Centrist,1,1,1,20,1,42.0
Libertarian,Centrist,1,0,0,41,0,25.0
Republican,Centrist,0,0,0,20,0,26.0
Independent,Centrist,0,1,1,30,0,34.0
Independent,Centrist,1,0,1,42,0,66.0
Democratic,Left-wing,1,0,1,28,0,29.0
Democratic,Centrist,1,1,1,38,1,63.0
Democratic,Left-wing,1,1,1,36,1,65.0
Independent,Right-wing,1,0,1,41,0,34.0
Republican,Centrist,1,1,1,26,1,65.0
Republican,Right-wing,0,0,1,26,0,67.0
Democratic,Left-wing,1,1,1,40,1,22.0
Democratic,Left-wing,1,1,1,29,1,21.0
I dont have a label ,Centrist,1,1,1,26,1,33.0
Democratic,Centrist,1,1,1,31,1,57.0
Democratic,Centrist,1,0,1,33,0,70.0
Republican,Centrist,1,1,1,27,1,51.0
Independent,Left-wing,1,1,1,42,1,34.0
Democratic,Left-wing,1,0,1,29,0,50.0
Republican,Right-wing,0,1,0,23,0,36.0
Independent,Centrist,0,0,1,36,0,26.0
Republican,Centrist,1,1,1,44,1,26.0
neutral,Centrist,0,1,0,35,0,43.0
Democratic,Left-wing,1,1,1,26,1,31.0
Democratic,Left-wing,1,1,1,29,1,42.0
Independent,Left-wing,1,0,1,32,0,28.0
Democratic,Left-wing,1,1,1,19,1,37.0
Independent,Centrist,0,1,1,49,0,62.0
Democratic,Left-wing,1,1,1,37,1,38.0
Independent,Centrist,1,0,1,22,0,49.0
Democratic,Left-wing,1,1,1,30,1,38.0
Democratic,Left-wing,1,1,1,27,1,40.0
Republican,Right-wing,0,1,1,28,0,33.0
Democratic,Left-wing,1,1,1,33,1,34.0
Independent,Centrist,1,1,1,23,1,35.0
Libertarian,Right-wing,0,0,1,27,0,26.0
Independent,Centrist,1,1,1,24,1,21.0
Democratic,Left-wing,1,1,1,50,1,32.0
Independent,Centrist,1,1,1,42,1,28.0
Democratic,Left-wing,1,1,1,21,1,38.0
Independent,Centrist,0,1,1,32,0,30.0
Democratic,Centrist,1,1,1,36,1,35.0
Democratic,Left-wing,1,1,1,32,1,23.0
Democratic,Left-wing,1,1,1,29,1,73.0
Democratic,Left-wing,1,1,1,38,1,27.0
Democratic,Left-wing,1,1,1,37,1,23.0
Democratic,Left-wing,1,1,1,41,1,50.0
Republican,Right-wing,1,0,0,24,0,21.0
Democratic,Left-wing,1,1,1,23,1,36.0
Independent,Left-wing,1,0,1,31,0,40.0
Democratic,Left-wing,1,1,1,30,1,30.0
Democratic,Left-wing,1,1,1,28,1,44.0
Republican,Centrist,1,1,1,24,1,32.0
Democratic,Left-wing,1,1,1,45,1,35.0
Working Families Party,Centrist,1,1,0,22,0,58.0
Democratic,Left-wing,1,0,1,33,0,29.0
Independent,Centrist,1,1,1,53,1,20.0
Independent,Left-wing,1,1,1,27,1,54.0
Democratic,Left-wing,1,1,1,38,1,40.0
Republican,Centrist,0,1,0,18,0,56.0
Democratic,Left-wing,1,1,1,21,1,47.0
Democratic,Left-wing,1,1,1,42,1,33.0
Democratic,Right-wing,1,1,1,35,1,38.0
Republican,Right-wing,0,0,0,36,0,58.0
Democratic,Left-wing,1,1,1,31,1,39.0
No affiliation ,Centrist,1,0,1,26,0,49.0
Democratic,Left-wing,1,0,1,36,0,27.0
Republican,Right-wing,1,0,1,31,0,22.0
Democratic,Centrist,1,1,1,39,1,26.0
Democratic,Left-wing,1,1,1,18,1,58.0
Republican,Right-wing,0,0,0,18,0,30.0
Independent,Centrist,1,1,1,24,1,36.0
Democratic,Left-wing,1,1,1,32,1,24.0
Democratic,Left-wing,1,1,1,35,1,28.0
Democratic,Left-wing,1,1,1,30,1,26.0
Democratic,Left-wing,1,1,1,23,1,45.0
Democratic,Left-wing,1,1,1,38,1,25.0
Democratic,Centrist,1,0,1,24,0,19.0
Independent,Left-wing,1,1,1,25,1,50.0
Independent,Centrist,1,0,1,27,0,23.0
Republican,Right-wing,0,0,0,40,0,58.0
Democratic,Left-wing,1,0,0,43,0,63.0
Republican,Centrist,1,1,1,27,1,61.0
Independent,Centrist,1,0,1,23,0,40.0
Democratic,Left-wing,1,1,1,25,1,34.0
Democratic,Left-wing,1,1,1,25,1,51.0
Independent,Left-wing,1,1,1,22,1,39.0
Democratic,Left-wing,1,1,1,25,1,65.0
Democratic,Left-wing,1,1,1,34,1,28.0
Independent,Centrist,1,1,1,34,1,28.0
Independent,Left-wing,1,1,1,22,1,40.0
Democratic,Left-wing,1,1,1,21,1,43.0
Democratic,Left-wing,1,1,1,24,1,45.0
Independent,Centrist,1,1,1,30,1,33.0
Democratic,Left-wing,1,1,1,30,1,46.0
Independent,Centrist,1,0,1,35,0,49.0
Democratic,Left-wing,1,1,1,39,1,38.0
Democratic,Left-wing,1,1,1,24,1,60.0
Democratic,Left-wing,1,1,1,51,1,28.0
Democratic,Left-wing,1,1,1,36,1,28.0
Green,Left-wing,1,1,1,40,1,29.0
Unaffiliated ,Left-wing,1,1,1,26,1,40.0
,Centrist,1,1,1,19,1,29.0
Democratic,Left-wing,1,1,1,29,1,32.0
Democratic,Left-wing,1,1,1,28,1,25.0
Democratic,Left-wing,1,1,1,29,1,66.0
Independent,Centrist,1,0,1,20,0,35.0
Democratic,Left-wing,1,1,1,36,1,40.0
Democratic,Centrist,1,1,1,29,1,45.0
Democratic,Left-wing,1,1,1,35,1,22.0
Independent,Left-wing,1,1,1,35,1,39.0
Independent,Centrist,1,0,1,40,0,29.0
Democratic,Left-wing,1,1,1,23,1,50.0
Democratic,Left-wing,1,1,1,33,1,64.0
Independent,Centrist,1,1,0,34,0,51.0
Democratic,Left-wing,1,1,1,29,1,40.0
Democratic,Centrist,1,1,1,26,1,50.0
Independent,Right-wing,1,1,1,35,1,28.0
Democratic,Left-wing,1,1,1,17,1,38.0
Democratic,Left-wing,1,1,1,46,1,43.0
Democratic,Left-wing,1,1,1,33,1,21.0
Democratic,Left-wing,1,1,1,30,1,59.0
Republican,Right-wing,1,1,1,31,1,23.0
Democratic,Left-wing,1,1,1,32,1,54.0
Republican,Right-wing,1,0,1,36,0,53.0
Republican,Right-wing,0,0,0,36,0,40.0
Democratic,Left-wing,1,1,1,31,1,50.0
Democratic,Left-wing,1,1,1,34,1,35.0
Democratic,Left-wing,1,1,1,27,1,26.0
Democratic,Centrist,1,0,1,32,0,40.0
Republican,Right-wing,1,1,1,37,1,22.0
Democratic,Left-wing,1,1,1,23,1,69.0
Democratic,Centrist,1,1,1,38,1,38.0
Democratic,Left-wing,1,1,1,42,1,26.0
Independent,Centrist,1,1,1,33,1,25.0
Democratic,Left-wing,1,1,1,39,1,30.0
Libertarian,Right-wing,1,0,1,27,0,25.0
Independent,Left-wing,1,1,1,43,1,24.0
Democratic,Left-wing,1,1,1,27,1,40.0
Democratic,Left-wing,1,1,1,34,1,28.0
Independent,Centrist,1,0,1,31,0,25.0
Democratic,Left-wing,1,1,1,22,1,30.0
Democratic,Left-wing,1,1,1,29,1,24.0
Socialist,Left-wing,1,1,1,37,1,39.0
Independent,Centrist,0,0,1,27,0,23.0
Republican,Right-wing,1,1,1,36,1,24.0
Independent,Centrist,1,1,1,40,1,24.0
Independent,Centrist,0,0,0,42,0,32.0
Democratic,Left-wing,1,1,1,38,1,25.0
Independent,Left-wing,1,1,1,20,1,44.0
Democratic,Left-wing,1,1,1,28,1,41.0
Independent,Centrist,0,0,1,25,0,48.0
I dont side with any. I chose according to what is right in the moment,Centrist,0,1,1,24,0,25.0
Independent,Centrist,1,0,0,30,0,34.0
Independent,Centrist,1,0,0,34,0,25.0
Independent,Centrist,1,0,0,27,0,34.0
Democratic,Left-wing,1,1,1,48,1,26.0
Independent,Left-wing,1,1,1,51,1,25.0
Independent,Left-wing,1,1,1,35,1,82.0
Independent,Centrist,0,0,0,33,0,32.0
Democratic,Left-wing,1,0,1,31,0,29.0
Independent,Left-wing,1,1,1,48,1,32.0
Democratic,Left-wing,1,1,1,38,1,25.0
Democratic,Left-wing,1,1,1,26,1,40.0
Republican,Centrist,1,1,1,35,1,53.0
Independent,Centrist,1,0,1,32,0,32.0
Democratic,Left-wing,1,1,1,42,1,55.0
Independent,Centrist,1,0,1,28,0,36.0
Independent,Centrist,1,1,1,32,1,21.0
Democratic,Left-wing,1,1,1,38,1,22.0
Democratic,Centrist,1,0,1,41,0,35.0
Independent,Left-wing,1,1,1,20,1,52.0
Republican,Right-wing,0,0,0,28,0,37.0
Democratic,Left-wing,1,1,1,19,1,68.0
Democratic,Left-wing,1,1,1,33,1,58.0
Independent,Left-wing,1,0,1,31,0,27.0
Independent,Centrist,1,0,1,30,0,28.0
Democratic,Left-wing,1,1,1,35,1,29.0
Democratic,Centrist,0,1,0,59,0,58.0
,Centrist,1,1,1,35,1,30.0
Independent,Centrist,1,1,1,25,1,36.0
Democratic,Left-wing,1,1,1,32,1,70.0
Republican,Right-wing,0,0,0,29,0,28.0
Republican,Right-wing,0,0,1,41,0,42.0
Democratic,Left-wing,1,1,1,48,1,40.0
Democratic,Left-wing,1,1,1,30,1,24.0
Independent,Left-wing,1,0,0,35,0,34.0
Independent,Right-wing,0,0,1,31,0,75.0
Independent,Centrist,0,0,1,26,0,33.0
Independent,Left-wing,1,1,1,33,1,25.0
Democratic,Left-wing,1,1,1,28,1,45.0
Democratic,Left-wing,1,1,1,32,1,30.0
Democratic,Left-wing,1,0,1,31,0,21.0
Democratic,Left-wing,1,1,1,19,1,31.0
Democratic,Left-wing,1,1,1,38,1,26.0
Independent,Centrist,1,1,1,29,1,45.0
Democratic,Left-wing,1,1,1,24,1,35.0
Independent,Centrist,1,0,1,23,0,61.0
Democratic,Left-wing,1,1,1,25,1,49.0
Democratic,Left-wing,1,1,1,35,1,30.0
Democratic,Left-wing,1,1,1,24,1,74.0
Independent,Left-wing,1,1,1,30,1,26.0
Republican,Right-wing,0,1,1,31,0,21.0
Democratic,Left-wing,0,1,0,25,0,49.0
Independent,Centrist,1,1,1,22,1,21.0
bi partisan,Centrist,1,1,0,39,0,71.0
Democratic,Centrist,1,0,1,42,0,51.0
Independent,Centrist,1,1,1,28,1,29.0
Republican,Centrist,0,0,0,28,0,40.0
Democratic,Left-wing,1,1,1,24,1,31.0
Republican,Right-wing,0,0,0,38,0,49.0
Republican,Right-wing,1,0,1,25,0,45.0
Republican,Right-wing,1,0,0,32,0,28.0
Democratic,Left-wing,1,1,1,35,1,24.0
Republican,Right-wing,0,0,0,25,0,36.0
Democratic,Left-wing,1,1,1,29,1,27.0
Democratic,Left-wing,1,1,1,38,1,21.0
Democratic,Left-wing,1,1,1,31,1,23.0
Republican,Centrist,1,1,1,24,1,63.0
Independent,Centrist,1,1,1,40,1,25.0
Independent,Centrist,1,0,1,33,0,33.0
Independent,Centrist,1,1,1,35,1,71.0
Libertarian,Centrist,1,0,1,35,0,29.0
Democratic,Left-wing,1,1,1,27,1,28.0
Democratic,Left-wing,1,1,1,36,1,29.0
Democratic,Left-wing,1,1,1,24,1,74.0
Republican,Right-wing,0,0,1,27,0,60.0
Republican,Right-wing,1,1,1,23,1,25.0
Independent,Left-wing,1,1,1,32,1,30.0
Democratic,Left-wing,1,1,1,32,1,46.0
Independent,Centrist,1,0,0,26,0,45.0
Democratic,Left-wing,1,1,1,29,1,22.0
Republican,Right-wing,0,0,0,33,0,24.0
Democratic,Right-wing,1,1,1,20,1,44.0
Democratic,Left-wing,1,1,1,45,1,24.0
Democratic,Centrist,0,0,0,42,0,45.0
Democratic,Centrist,1,1,1,39,1,24.0
Democratic,Left-wing,1,1,1,24,1,44.0
Democratic,Left-wing,1,1,1,34,1,42.0
Democratic,Centrist,1,0,1,40,0,27.0
Independent,Left-wing,1,1,1,27,1,36.0
Republican,Right-wing,0,0,0,28,0,61.0
Democratic,Centrist,1,1,1,33,1,34.0
Democratic,Left-wing,1,1,1,30,1,42.0
Democratic,Left-wing,1,1,1,26,1,56.0
Democratic,Left-wing,1,1,1,30,1,43.0
Democratic,Left-wing,1,0,0,25,0,42.0
Democratic,Left-wing,1,1,1,30,1,26.0
Democratic,Left-wing,1,1,1,30,1,68.0
Independent,Centrist,1,0,1,29,0,41.0
Democratic,Left-wing,1,0,1,38,0,32.0
Democratic,Left-wing,0,1,1,36,0,72.0
Democratic,Left-wing,1,1,1,28,1,24.0
Democratic,Left-wing,1,1,1,50,1,52.0
Democratic,Left-wing,1,1,1,46,1,25.0
Republican,Centrist,1,1,0,24,0,21.0
Democratic,Left-wing,1,1,1,34,1,34.0
Republican,Centrist,1,0,0,34,0,67.0
Independent,Left-wing,1,1,1,25,1,44.0
Democratic,Left-wing,1,1,1,30,1,62.0
Republican,Right-wing,1,0,0,23,0,52.0
Democratic,Centrist,1,0,0,39,0,35.0
Independent,Centrist,1,1,1,22,1,53.0
Democratic,Left-wing,1,1,1,35,1,24.0
Independent,Centrist,1,1,1,34,1,26.0
Democratic,Left-wing,1,1,1,32,1,26.0
Democratic,Left-wing,1,1,1,28,1,22.0
Republican,Right-wing,0,0,0,31,0,78.0
Democratic,Left-wing,1,1,1,34,1,60.0
Democratic,Left-wing,1,1,1,38,1,42.0
Democratic,Left-wing,1,1,1,28,1,73.0
Independent,Left-wing,1,1,1,32,1,23.0
Democratic,Left-wing,1,1,1,34,1,28.0
Democratic,Left-wing,1,0,1,18,0,33.0
Democratic,Left-wing,1,1,1,38,1,33.0
Independent,Centrist,1,1,1,35,1,38.0
Republican,Right-wing,0,1,0,25,0,46.0
Republican,Centrist,1,0,1,30,0,34.0
Democratic,Left-wing,1,1,1,25,1,32.0
Democratic,Left-wing,1,1,1,35,1,41.0
Democratic,Left-wing,1,1,1,33,1,23.0
Democratic,Left-wing,1,1,1,36,1,23.0
Democratic,Left-wing,1,1,1,23,1,29.0
Independent,Left-wing,1,1,1,30,1,29.0
Democratic,Left-wing,1,1,0,32,0,69.0
Democratic,Left-wing,1,1,1,32,1,28.0
Democratic,Centrist,0,0,1,34,0,59.0
Democratic,Left-wing,1,1,1,34,1,41.0
Independent,Centrist,1,0,0,35,0,23.0
Independent,Left-wing,1,1,1,37,1,34.0
Independent,Centrist,1,1,1,30,1,49.0
Democratic,Left-wing,1,1,1,35,1,51.0
Independent,Centrist,1,1,1,23,1,38.0
Republican,Right-wing,0,1,0,23,0,31.0
Democratic,Left-wing,1,1,1,27,1,37.0
Independent,Centrist,1,1,1,30,1,35.0
Republican,Right-wing,0,0,0,18,0,47.0
Democratic,Left-wing,1,1,1,29,1,31.0
Democratic,Left-wing,1,1,1,24,1,29.0
Democratic,Left-wing,1,1,1,32,1,64.0
Democratic,Left-wing,1,1,1,34,1,32.0
Independent,Left-wing,1,1,1,20,1,43.0
Democratic,Left-wing,1,1,1,31,1,23.0
Independent,Right-wing,0,0,0,30,0,53.0
Democratic,Centrist,1,1,1,26,1,46.0
Democratic,Left-wing,1,1,1,27,1,42.0
Democratic,Left-wing,1,1,1,37,1,38.0
Independent,Centrist,1,1,1,36,1,57.0
Independent,Left-wing,1,1,1,21,1,52.0
Independent,Centrist,1,1,1,24,1,52.0
Democratic,Left-wing,1,0,1,50,0,51.0
Democratic,Left-wing,1,0,1,39,0,58.0
Democratic,Left-wing,1,1,1,27,1,35.0
Independent,Centrist,1,1,1,23,1,21.0
Democratic,Left-wing,1,1,1,32,1,21.0
Democratic,Left-wing,1,1,1,18,1,29.0
Independent,Centrist,1,1,1,24,1,54.0
Democratic,Left-wing,1,1,1,35,1,25.0
Democratic,Left-wing,1,1,1,40,1,52.0
Democratic,Left-wing,1,1,1,42,1,20.0
Democratic,Left-wing,1,1,1,27,1,29.0
Independent,Centrist,1,1,1,30,1,42.0
Republican,Right-wing,0,0,1,26,0,37.0
Democratic,Left-wing,1,1,1,27,1,37.0
Democratic,Left-wing,1,1,1,26,1,25.0
Democratic,Left-wing,1,1,1,32,1,21.0
Democratic,Left-wing,1,1,1,37,1,57.0
Democratic,Left-wing,1,1,1,38,1,31.0
Democratic,Left-wing,1,1,1,38,1,58.0
Democratic,Left-wing,1,1,1,21,1,29.0
Democratic,Left-wing,1,1,1,40,1,38.0
Democratic,Left-wing,1,1,1,31,1,69.0
Democratic,Left-wing,1,1,1,24,1,47.0
Independent,Left-wing,0,1,1,23,0,57.0
Democratic,Left-wing,1,1,1,28,1,37.0
Independent,Right-wing,0,0,0,21,0,59.0
Democratic,Left-wing,1,1,1,41,1,23.0
Democratic,Left-wing,1,1,1,24,1,46.0
Republican,Centrist,0,0,0,26,0,68.0
Republican,Right-wing,1,0,1,17,0,59.0
Democratic,Left-wing,1,1,1,37,1,42.0
Republican,Right-wing,0,0,0,22,0,41.0
Democratic,Centrist,1,0,1,24,0,56.0
Democratic,Centrist,1,0,0,42,0,58.0
Independent,Left-wing,1,1,1,24,1,34.0
Democratic,Left-wing,1,1,1,27,1,41.0
Republican,Right-wing,0,0,1,59,0,28.0
Independent,Centrist,0,0,1,25,0,44.0
Democratic,Left-wing,1,1,1,34,1,55.0
Republican,Right-wing,1,1,1,27,1,28.0
Democratic,Left-wing,1,1,1,39,1,32.0
Democratic,Centrist,0,1,0,26,0,23.0
Republican,Right-wing,0,0,0,28,0,22.0
Independent,Centrist,1,1,0,21,0,36.0
Republican,Right-wing,1,0,1,35,0,40.0
Independent,Left-wing,1,1,1,41,1,32.0
Republican,Right-wing,0,0,0,21,0,51.0
Republican,Right-wing,1,0,1,36,0,24.0
Republican,Right-wing,1,1,1,30,1,49.0
Republican,Centrist,1,1,1,23,1,60.0
Democratic,Left-wing,1,1,1,26,1,37.0
Republican,Right-wing,1,0,1,25,0,51.0
Independent,Right-wing,0,1,1,28,0,43.0
Democratic,Left-wing,1,1,1,35,1,26.0
Republican,Right-wing,0,0,1,39,0,59.0
Republican,Right-wing,1,0,1,25,0,41.0
Republican,Right-wing,0,0,0,30,0,65.0
Independent,Left-wing,1,1,1,27,1,40.0
Republican,Right-wing,0,0,1,27,0,67.0
Republican,Right-wing,0,0,0,32,0,39.0
Democratic,Right-wing,0,1,1,45,0,28.0
Democratic,Left-wing,1,1,1,48,1,50.0
Democratic,Right-wing,1,1,1,29,1,25.0
Independent,Centrist,0,0,0,42,0,61.0
Democratic,Left-wing,1,1,1,22,1,62.0
Republican,Right-wing,0,0,0,25,0,55.0
Independent,Centrist,0,0,1,33,0,64.0
Republican,Right-wing,1,0,0,23,0,55.0
Republican,Right-wing,1,0,0,28,0,45.0
Republican,Right-wing,1,0,1,19,0,32.0
Republican,Right-wing,0,0,0,18,0,62.0
Republican,Right-wing,1,1,0,35,0,28.0
Republican,Right-wing,0,0,0,35,0,41.0
Republican,Right-wing,1,1,1,24,1,49.0
Republican,Right-wing,0,0,0,29,0,32.0
Republican,Right-wing,0,0,1,49,0,27.0
Republican,Right-wing,1,0,1,33,0,20.0
Independent,Left-wing,1,1,1,35,1,26.0
Independent,Right-wing,0,0,0,22,0,28.0
Independent,Right-wing,0,0,0,29,0,41.0
Democratic,Left-wing,1,1,1,29,1,28.0
Independent,Left-wing,1,1,1,24,1,24.0
Republican,Right-wing,0,0,0,28,0,70.0
Republican,Right-wing,0,1,0,39,0,33.0
Republican,Right-wing,0,0,0,27,0,51.0
Democratic,Left-wing,1,1,1,40,1,34.0
Democratic,Left-wing,1,1,1,30,1,37.0
Independent,Left-wing,1,1,1,36,1,30.0
Republican,Right-wing,0,0,1,31,0,21.0
Democratic,Left-wing,1,1,1,29,1,29.0
Democratic,Left-wing,1,1,1,32,1,33.0
Democratic,Left-wing,1,1,1,34,1,43.0
Libertarian,Centrist,1,0,1,30,0,29.0
Democratic,Left-wing,1,1,1,27,1,51.0
Democratic,Left-wing,1,1,1,30,1,43.0
Republican,Centrist,0,0,0,38,0,27.0
Democratic,Left-wing,1,1,1,35,1,38.0
Democratic,Left-wing,1,1,1,30,1,24.0
Democratic,Left-wing,1,1,1,30,1,39.0
Democratic,Left-wing,1,1,1,21,1,61.0
Democratic,Centrist,1,1,1,32,1,23.0
Libertarian,Right-wing,0,0,0,22,0,32.0
Democratic,Centrist,1,1,1,25,1,51.0
Republican,Right-wing,1,0,1,35,0,29.0
Democratic,Left-wing,1,1,1,25,1,21.0
Democratic,Left-wing,1,1,1,39,1,24.0
Independent,Left-wing,1,1,1,38,1,49.0
Republican,Right-wing,1,1,1,25,1,25.0
Democratic,Centrist,1,1,1,18,1,31.0
Democratic,Left-wing,1,1,1,37,1,22.0
Independent,Centrist,1,1,0,23,0,40.0
Independent,Centrist,1,0,1,36,0,64.0
Democratic,Left-wing,1,1,1,20,1,56.0
Democratic,Left-wing,1,1,1,25,1,58.0
Democratic,Left-wing,1,0,1,35,0,32.0
Democratic,Centrist,0,0,0,24,0,30.0
Democratic,Left-wing,1,1,1,34,1,45.0
Independent,Left-wing,1,1,1,27,1,35.0
Independent,Left-wing,1,1,1,26,1,33.0
Democratic,Left-wing,1,1,1,22,1,21.0
Republican,Centrist,1,1,1,18,1,44.0
Democratic,Left-wing,1,1,1,34,1,28.0
Independent,Centrist,1,0,1,19,0,32.0
Democratic,Left-wing,1,1,1,25,1,53.0
Democratic,Left-wing,1,1,1,37,1,26.0
Democratic,Left-wing,1,1,1,31,1,29.0
Communist,Left-wing,1,1,1,33,1,22.0
Democratic,Left-wing,1,1,1,32,1,27.0
Democratic,Left-wing,1,1,1,37,1,35.0
Independent,Centrist,1,1,0,40,0,22.0
Independent,Centrist,0,0,1,25,0,32.0
Democratic,Left-wing,1,1,0,23,0,43.0
Democratic,Left-wing,1,1,1,33,1,34.0
Democratic,Left-wing,1,1,1,37,1,41.0
Democratic,Left-wing,1,1,1,28,1,23.0
Democratic,Centrist,1,1,1,25,1,36.0
Democratic,Left-wing,1,1,1,26,1,30.0
Republican,Centrist,1,0,1,35,0,53.0
Independent,Centrist,1,0,1,30,0,21.0
Democratic,Left-wing,1,1,1,33,1,23.0
Democratic,Left-wing,1,1,1,37,1,27.0
Democratic,Left-wing,1,1,1,34,1,34.0
Independent,Left-wing,1,1,1,17,1,38.0
Democratic,Left-wing,1,1,1,31,1,28.0
Democratic,Left-wing,1,1,1,24,1,33.0
Republican,Right-wing,0,0,1,34,0,24.0
Independent,Left-wing,1,1,1,30,1,24.0
Democratic,Left-wing,1,1,1,28,1,29.0
Democratic,Left-wing,1,1,1,30,1,52.0
Democratic,Left-wing,1,1,1,33,1,36.0
Republican,Centrist,0,0,1,20,0,55.0
Republican,Right-wing,1,1,1,34,1,38.0
Democratic,Left-wing,1,1,0,24,0,33.0
Independent,Left-wing,1,1,1,19,1,39.0
Independent,Left-wing,1,1,1,25,1,25.0
Republican,Right-wing,1,1,1,30,1,49.0
Democratic,Centrist,1,1,1,23,1,41.0
Independent,Centrist,1,1,1,26,1,44.0
Democratic,Left-wing,1,1,1,40,1,20.0
Democratic,Left-wing,1,1,1,31,1,25.0
Democratic,Left-wing,1,1,1,36,1,36.0
Democratic,Left-wing,1,1,1,30,1,38.0
Democratic,Left-wing,1,0,1,45,0,25.0
Republican,Centrist,1,0,0,26,0,67.0
Libertarian,Left-wing,1,1,1,22,1,23.0
Democratic,Left-wing,1,1,1,34,1,36.0
Democratic,Left-wing,1,1,1,27,1,41.0
Independent,Centrist,1,1,1,29,1,60.0
Democratic,Left-wing,1,1,1,23,1,52.0
Democratic,Left-wing,1,0,1,27,0,31.0
Independent,Left-wing,1,0,0,22,0,35.0
Republican,Right-wing,0,0,0,20,0,30.0
Independent,Left-wing,1,1,1,26,1,29.0
Democratic,Left-wing,1,1,1,32,1,28.0
Independent,Centrist,1,1,1,18,1,50.0
Democratic,Left-wing,1,1,1,38,1,34.0
Democratic,Left-wing,1,1,1,31,1,33.0
Independent,Left-wing,1,1,1,23,1,72.0
Democratic,Left-wing,1,1,1,27,1,30.0
Democratic,Left-wing,1,1,1,26,1,47.0
Democratic,Left-wing,1,1,1,28,1,37.0
Republican,Right-wing,0,0,1,64,0,31.0
Democratic,Left-wing,1,1,1,38,1,42.0
Republican,Right-wing,0,0,0,22,0,58.0
Republican,Centrist,0,0,0,26,0,51.0
Republican,Right-wing,1,0,1,30,0,34.0
Republican,Right-wing,0,0,1,20,0,62.0
Republican,Right-wing,0,0,0,30,0,48.0
Democratic,Left-wing,1,1,1,31,1,44.0
Democratic,Right-wing,1,1,1,20,1,21.0
Democratic,Centrist,0,0,0,23,0,24.0
Republican,Right-wing,1,0,1,30,0,32.0
Independent,Centrist,1,1,1,21,1,48.0
Democratic,Left-wing,1,1,1,28,1,48.0
Independent,Centrist,1,0,1,22,0,36.0
Democratic,Left-wing,1,1,1,38,1,61.0
Independent,Left-wing,1,1,1,36,1,26.0
Democratic,Left-wing,1,1,1,35,1,29.0
Independent,Centrist,0,0,0,32,0,58.0
Democratic,Left-wing,1,1,1,29,1,21.0
Democratic,Left-wing,1,1,1,31,1,28.0
Democratic,Left-wing,1,1,1,50,1,51.0
Democratic,Left-wing,1,1,1,36,1,76.0
Independent,Centrist,1,1,1,23,1,57.0
Democratic,Left-wing,1,1,0,25,0,42.0
Independent,Left-wing,1,0,1,27,0,34.0
Democratic,Left-wing,1,1,1,35,1,61.0
Democratic,Left-wing,1,1,1,33,1,21.0
Independent,Centrist,1,0,1,35,0,46.0
Democratic,Left-wing,0,0,1,22,0,36.0
Democratic,Left-wing,1,1,1,38,1,24.0
Democratic,Left-wing,1,1,1,35,1,23.0
Independent,Centrist,0,0,0,41,0,20.0
Democratic,Left-wing,1,1,1,35,1,67.0
Democratic,Left-wing,1,1,1,25,1,30.0
Democratic,Left-wing,1,1,1,40,1,68.0
Democratic,Left-wing,1,0,1,39,0,42.0
Democratic,Left-wing,1,1,1,43,1,45.0
Democratic,Left-wing,1,1,1,23,1,37.0
Republican,Right-wing,0,0,0,27,0,36.0
Independent,Centrist,1,1,1,26,1,58.0
Democratic,Left-wing,1,1,1,18,1,31.0
Democratic,Left-wing,1,1,1,25,1,53.0
Democratic,Left-wing,1,1,1,30,1,63.0
Democratic,Left-wing,1,1,1,32,1,34.0
Independent,Centrist,1,1,1,37,1,37.0
No party allegiance,Left-wing,1,1,1,33,1,32.0
Democratic,Left-wing,1,1,1,27,1,50.0
Independent,Left-wing,1,1,1,50,1,57.0
Independent,Centrist,0,0,1,34,0,61.0
Democratic,Left-wing,1,1,1,36,1,68.0
Democratic,Left-wing,1,1,1,20,1,61.0
Democratic,Left-wing,1,1,1,30,1,70.0
Democratic,Left-wing,1,1,1,22,1,27.0
Democratic,Left-wing,1,1,1,28,1,28.0
Democratic,Left-wing,1,1,1,35,1,33.0
Democratic,Left-wing,1,1,1,31,1,25.0
Libertarian,Centrist,1,0,0,28,0,40.0
Democratic,Left-wing,1,1,1,28,1,37.0
Democratic,Left-wing,1,1,1,39,1,42.0
Democratic,Left-wing,1,1,1,27,1,45.0
Independent,Left-wing,1,1,1,39,1,38.0
Republican,Centrist,0,0,0,24,0,38.0
Independent,Left-wing,1,0,1,30,0,39.0
Democratic,Left-wing,1,1,1,25,1,30.0
Democratic,Right-wing,1,1,1,27,1,23.0
Democratic,Left-wing,1,1,1,40,1,20.0
Democratic,Left-wing,1,1,1,50,1,37.0
Independent,Centrist,1,1,1,29,1,32.0
Democratic,Left-wing,1,1,1,34,1,35.0
Democratic,Left-wing,1,1,1,20,1,50.0
Libertarian,Centrist,1,0,1,32,0,29.0
Democratic,Left-wing,1,1,1,30,1,27.0
Democratic,Left-wing,1,1,1,33,1,31.0
Republican,Right-wing,0,0,0,23,0,35.0
Democratic,Left-wing,1,1,1,21,1,34.0
Democratic,Left-wing,1,1,1,20,1,50.0
Democratic,Left-wing,1,1,1,22,1,24.0
Democratic,Centrist,1,0,0,23,0,51.0
Independent,Centrist,0,0,1,22,0,54.0
Independent,Centrist,1,0,1,32,0,37.0
Democratic,Left-wing,1,1,1,26,1,22.0
Libertarian,Centrist,1,0,0,29,0,60.0
Democratic,Left-wing,1,1,1,32,1,22.0
Independent,Centrist,1,0,0,39,0,23.0
Democratic,Left-wing,1,1,1,28,1,25.0
Democratic,Left-wing,1,1,1,30,1,27.0
Democratic,Left-wing,1,1,1,24,1,50.0
Democratic,Left-wing,1,1,1,23,1,27.0
Democratic,Centrist,1,1,1,38,1,54.0
Democratic,Centrist,1,0,1,34,0,34.0
Democratic,Centrist,1,1,1,35,1,42.0
Democratic,Left-wing,1,1,1,18,1,24.0
Green,Left-wing,1,1,1,43,1,34.0
Democratic,Left-wing,1,1,1,25,1,23.0
Independent,Centrist,0,0,0,39,0,34.0
Democratic,Left-wing,1,1,1,32,1,27.0
Republican,Centrist,1,1,1,25,1,42.0
Republican,Right-wing,1,0,0,36,0,35.0
Independent,Centrist,0,0,0,20,0,29.0
Democratic,Left-wing,1,1,1,26,1,75.0
Independent,Left-wing,1,1,1,32,1,44.0
Democratic,Left-wing,1,1,1,35,1,50.0
Democratic,Left-wing,1,1,1,29,1,21.0
Democratic,Left-wing,1,1,1,34,1,34.0
Independent,Left-wing,1,0,1,26,0,34.0
Independent,Centrist,0,0,1,35,0,51.0
Democratic,Left-wing,1,1,1,21,1,39.0
Democratic,Left-wing,1,1,1,28,1,31.0
Independent,Left-wing,1,1,0,31,0,29.0
Democratic,Left-wing,1,1,1,19,1,52.0
Independent,Centrist,1,1,0,24,0,41.0
Democratic,Left-wing,1,1,1,30,1,43.0
Democratic,Centrist,1,1,1,30,1,32.0
Republican,Right-wing,1,1,1,40,1,26.0
Democratic,Left-wing,1,1,1,30,1,24.0
Independent,Right-wing,0,0,0,25,0,36.0
Democratic,Left-wing,1,1,1,40,1,28.0
Democratic,Left-wing,1,1,1,26,1,56.0
Democratic,Left-wing,1,1,1,27,1,64.0
Independent,Centrist,1,0,1,30,0,57.0
Democratic,Left-wing,1,1,1,17,1,27.0
Independent,Left-wing,1,1,1,19,1,26.0
Democratic,Left-wing,1,1,1,35,1,21.0
Non Political,Centrist,1,1,1,24,1,58.0
Democratic,Left-wing,1,1,1,37,1,52.0
Democratic,Left-wing,1,1,1,31,1,24.0
Independent,Centrist,0,0,1,32,0,29.0
Democratic,Left-wing,1,1,1,35,1,27.0
Independent,Centrist,0,0,0,21,0,29.0
Republican,Right-wing,0,0,0,35,0,41.0
Independent,Left-wing,1,1,1,31,1,57.0
Democratic,Left-wing,0,0,0,33,0,46.0
Republican,Right-wing,0,0,0,29,0,59.0
Republican,Right-wing,0,1,0,22,0,32.0
Republican,Right-wing,0,0,0,23,0,44.0
Republican,Right-wing,0,0,0,28,0,45.0
Republican,Right-wing,0,0,0,27,0,48.0
Republican,Right-wing,0,0,0,39,0,32.0
Independent,Centrist,1,1,1,23,1,61.0
Republican,Right-wing,1,1,1,26,1,52.0
Independent,Centrist,0,0,1,43,0,21.0
Democratic,Centrist,1,0,1,33,0,62.0
Independent,Centrist,0,0,0,35,0,49.0
Republican,Right-wing,0,0,0,30,0,62.0
Democratic,Left-wing,1,1,1,19,1,20.0
Democratic,Left-wing,1,0,1,34,0,56.0
Unaffiliated,Centrist,1,1,1,28,1,35.0
Independent,Centrist,1,1,1,31,1,35.0
Independent,Centrist,1,1,0,31,0,21.0
Republican,Right-wing,0,0,1,27,0,20.0
Democratic,Left-wing,1,1,1,34,1,37.0
Republican,Right-wing,1,0,1,25,0,62.0
Independent,Left-wing,0,1,1,26,0,50.0
Republican,Right-wing,0,0,0,31,0,24.0
Republican,Right-wing,1,1,1,34,1,31.0
Republican,Right-wing,0,0,0,40,0,40.0
Republican,Centrist,0,0,0,30,0,46.0
Democratic,Left-wing,1,0,1,33,0,63.0
Republican,Right-wing,1,0,0,31,0,33.0
Republican,Right-wing,0,0,1,18,0,30.0
Independent,Right-wing,0,0,0,33,0,21.0
Democratic,Left-wing,1,0,1,32,0,25.0
Democratic,Left-wing,1,1,1,25,1,32.0
Independent,Centrist,1,0,1,33,0,40.0
Democratic,Left-wing,1,1,1,34,1,24.0
Libertarian,Right-wing,0,0,0,46,0,45.0
Republican,Right-wing,0,0,0,25,0,51.0
Independent,Left-wing,1,0,1,38,0,24.0
Republican,Right-wing,1,1,0,23,0,61.0
Republican,Right-wing,0,0,0,21,0,38.0
Republican,Right-wing,1,1,1,26,1,25.0
Democratic,Centrist,1,1,1,21,1,47.0
Independent,Right-wing,0,0,0,37,0,33.0
Republican,Centrist,1,1,1,27,1,48.0
Republican,Right-wing,1,0,0,35,0,54.0
Independent,Right-wing,1,0,1,45,0,37.0
Republican,Right-wing,0,0,0,27,0,50.0
Republican,Right-wing,0,1,1,40,0,21.0
Independent,Centrist,1,0,0,29,0,68.0
Republican,Right-wing,0,0,0,20,0,52.0
Independent,Left-wing,1,1,1,18,1,24.0
Democratic,Centrist,1,1,0,21,0,32.0
Republican,Right-wing,0,0,0,33,0,34.0
Democratic,Left-wing,1,1,1,33,1,22.0
Democratic,Left-wing,1,1,1,26,1,31.0
Independent,Centrist,1,1,1,22,1,60.0
Republican,Right-wing,0,0,0,38,0,28.0
Republican,Centrist,1,1,1,37,1,26.0
Republican,Right-wing,0,0,0,35,0,32.0
Republican,Right-wing,0,0,0,34,0,32.0
Republican,Right-wing,1,0,0,29,0,41.0
Independent,Centrist,1,1,0,30,0,25.0
Republican,Right-wing,0,0,0,33,0,69.0
Republican,Centrist,1,0,1,28,0,50.0
Republican,Right-wing,0,0,0,26,0,28.0
Republican,Right-wing,0,0,1,32,0,21.0
Republican,Centrist,1,0,0,27,0,28.0
Republican,Right-wing,1,0,0,34,0,42.0
Independent,Centrist,1,1,1,20,1,70.0
Republican,Right-wing,0,1,0,25,0,45.0
Republican,Right-wing,0,0,1,32,0,33.0
Independent,Centrist,0,1,1,22,0,45.0
Republican,Right-wing,0,0,0,29,0,51.0
Republican,Right-wing,0,0,0,31,0,56.0
Republican,Right-wing,0,0,1,28,0,47.0
Democratic,Left-wing,1,1,1,35,1,21.0
Democratic,Left-wing,1,1,1,40,1,21.0
Republican,Right-wing,1,0,0,56,0,22.0
Independent,Right-wing,1,0,1,35,0,20.0
Independent,Right-wing,0,0,0,41,0,64.0
Democratic,Centrist,1,1,1,34,1,29.0
,Right-wing,0,0,0,26,0,44.0
Democratic,Left-wing,1,0,1,27,0,28.0
Republican,Right-wing,0,0,0,40,0,21.0
Republican,Right-wing,1,0,1,30,0,28.0
Republican,Right-wing,0,0,0,34,0,58.0
Democratic,Left-wing,1,1,1,36,1,25.0
Independent,Centrist,1,0,1,23,0,51.0
Independent,Centrist,0,0,0,33,0,25.0
Democratic,Left-wing,1,1,1,24,1,40.0
Republican,Right-wing,1,0,0,27,0,24.0
Republican,Right-wing,1,0,1,28,0,27.0
Democratic,Left-wing,0,1,1,26,0,74.0
Republican,Right-wing,0,0,0,34,0,32.0
Democratic,Left-wing,1,1,1,24,1,23.0
Democratic,Left-wing,1,1,1,36,1,44.0
Republican,Centrist,0,0,0,27,0,52.0
Democratic,Left-wing,1,1,1,26,1,38.0
Republican,Right-wing,0,0,0,21,0,41.0
Conservative ,Centrist,0,0,1,25,0,39.0
Democratic,Centrist,1,1,1,30,1,28.0
Democratic,Left-wing,1,1,1,37,1,22.0
Republican,Right-wing,0,0,0,37,0,30.0
Republican,Right-wing,1,0,0,33,0,40.0
Republican,Right-wing,1,0,1,29,0,22.0
Independent,Right-wing,1,0,1,30,0,21.0
Republican,Right-wing,0,0,0,29,0,36.0
Democratic,Left-wing,1,1,1,19,1,43.0
Democratic,Left-wing,1,1,1,47,1,21.0
Republican,Right-wing,1,0,1,24,0,57.0
Republican,Right-wing,0,0,1,20,0,45.0
Republican,Right-wing,0,0,0,30,0,35.0
Republican,Right-wing,0,0,0,32,0,61.0
Republican,Right-wing,0,0,0,17,0,58.0
Republican,Right-wing,0,0,0,30,0,37.0
Democratic,Centrist,1,1,1,30,1,53.0
Republican,Right-wing,0,0,0,24,0,51.0
Republican,Centrist,0,0,0,25,0,54.0
Republican,Right-wing,0,0,0,29,0,46.0
Democratic,Right-wing,1,0,1,19,0,25.0
Republican,Right-wing,1,0,0,21,0,58.0
Republican,Right-wing,1,0,1,23,0,41.0
Democratic,Left-wing,1,1,1,26,1,41.0
Republican,Right-wing,0,0,1,30,0,46.0
Independent,Centrist,1,1,1,41,1,58.0
Republican,Right-wing,1,0,0,27,0,25.0
Independent,Left-wing,1,1,1,38,1,21.0
Democratic,Left-wing,1,1,1,27,1,44.0
Democratic,Left-wing,1,1,1,40,1,24.0
Republican,Right-wing,0,0,0,23,0,36.0
Republican,Right-wing,0,0,1,36,0,54.0
Republican,Right-wing,0,0,0,37,0,65.0
Republican,Right-wing,0,0,0,23,0,36.0
Independent,Right-wing,0,0,0,21,0,60.0
Libertarian,Centrist,1,0,1,39,0,23.0
Democratic,Centrist,1,1,1,43,1,46.0
Republican,Right-wing,1,0,1,33,0,33.0
Democratic,Left-wing,1,1,1,33,1,40.0
Republican,Centrist,1,0,0,50,0,60.0
Democratic,Left-wing,1,1,1,34,1,40.0
Democratic,Left-wing,1,1,1,28,1,61.0
Republican,Centrist,0,0,0,16,0,47.0
Libertarian,Left-wing,1,1,1,34,1,23.0
Democratic,Left-wing,1,1,1,28,1,35.0
I dont  vote,Right-wing,0,0,1,29,0,64.0
Independent,Right-wing,0,0,0,34,0,22.0
Republican,Right-wing,1,0,1,29,0,58.0
Democratic,Left-wing,1,1,1,23,1,32.0
Democratic,Left-wing,1,1,1,31,1,42.0
Democratic,Left-wing,1,1,1,29,1,43.0
Independent,Left-wing,1,1,1,29,1,47.0
Republican,Centrist,1,0,0,20,0,41.0
Republican,Centrist,0,0,0,27,0,53.0
Republican,Right-wing,1,0,0,37,0,30.0
Independent,Left-wing,1,0,1,28,0,26.0
Democratic,Centrist,0,0,0,21,0,29.0
Democratic,Right-wing,0,0,0,32,0,62.0
Democratic,Left-wing,1,1,1,29,1,53.0
Republican,Right-wing,1,0,1,20,0,59.0
Independent,Centrist,0,0,0,29,0,57.0
Republican,Right-wing,1,1,1,50,1,20.0
Independent,Left-wing,1,1,0,30,0,45.0
Republican,Right-wing,0,0,0,31,0,27.0
Democratic,Left-wing,1,1,1,38,1,41.0
Democratic,Left-wing,1,1,1,27,1,26.0
Republican,Centrist,0,0,0,28,0,54.0
Democratic,Left-wing,1,0,1,32,0,44.0
Independent,Left-wing,1,1,1,19,1,38.0
Democratic,Left-wing,1,1,1,45,1,24.0
Independent,Right-wing,0,0,0,23,0,67.0
Republican,Right-wing,1,1,1,22,1,20.0
Republican,Centrist,1,1,1,34,1,64.0
Republican,Right-wing,1,0,1,30,0,34.0
Independent,Centrist,1,0,0,31,0,59.0
Independent,Left-wing,1,1,1,21,1,21.0
Democratic,Left-wing,1,1,1,40,1,24.0
Republican,Centrist,1,1,1,17,1,35.0
Democratic,Left-wing,1,1,1,20,1,46.0
Republican,Right-wing,0,0,0,20,0,64.0
Republican,Right-wing,1,0,0,41,0,31.0
Independent,Right-wing,1,0,1,35,0,21.0
Democratic,Left-wing,1,0,1,22,0,46.0
Republican,Right-wing,0,0,0,29,0,52.0
Independent,Centrist,0,0,1,21,0,52.0
Independent,Left-wing,1,1,1,18,1,23.0
Democratic,Centrist,1,1,1,37,1,58.0
Democratic,Right-wing,1,1,1,35,1,59.0
Republican,Right-wing,1,0,1,19,0,39.0
Independent,Centrist,0,0,0,39,0,29.0
Republican,Right-wing,0,0,0,24,0,45.0
Democratic,Left-wing,1,1,1,30,1,38.0
Republican,Right-wing,0,0,0,38,0,33.0
Republican,Right-wing,0,0,0,38,0,46.0
Republican,Right-wing,0,0,0,30,0,40.0
Republican,Right-wing,1,0,1,26,0,26.0
Independent,Centrist,1,0,1,34,0,27.0
Republican,Right-wing,1,1,1,30,1,24.0
Republican,Right-wing,0,0,0,20,0,65.0
Democratic,Centrist,1,1,1,28,1,46.0
